product_id,product_name,brand,category,price,discount_price,discount_percent,rating,reviews_count,skin_type,year,sales_count,revenue,wishlist_count,delivery_days,stock_status
1,Maybelline Haircare Product,Maybelline,Haircare,1007,805.6,20,4.1,2230.0,,2024,910,916370,521,2,In Stock
2,Minimalist Haircare Product,Minimalist,Haircare,497,397.6,20,3.3,1512.0,,2024,3822,1899534,1265,5,Out of Stock
3,Biotique Makeup Product,Biotique,Makeup,700,490.0,30,3.7,1582.0,,2025,3142,2199400,1747,2,Out of Stock
4,Himalaya Makeup Product,Himalaya,Makeup,1511,1133.25,25,4.3,1731.0,,2024,516,779676,362,5,In Stock
5,Nykaa Skincare Product,Nykaa,Skincare,506,379.5,25,3.6,1078.0,Combination,2024,4476,2264856,2370,7,Out of Stock
6,Mamaearth Makeup Product,Mamaearth,Makeup,681,476.7,30,3.6,1832.0,,2024,3494,2379414,1138,1,Out of Stock
7,Himalaya Makeup Product,Himalaya,Makeup,482,433.8,10,3.6,1632.0,,2025,3221,1552522,2232,3,Out of Stock
8,Nykaa Makeup Product,Nykaa,Makeup,1006,754.5,25,4.0,1482.0,Oily,2025,2969,2986814,1189,7,In Stock
9,L'Oreal Skincare Product,L'Oreal,Skincare,692,622.8,10,4.0,1433.0,,2025,180,124560,77,6,In Stock
10,Biotique Skincare Product,Biotique,Skincare,484,411.4,15,3.6,1739.0,,2025,1735,839740,663,1,In Stock
11,Dove Skincare Product,Dove,Skincare,504,378.0,25,3.9,1831.0,,2024,819,412776,380,6,In Stock
12,L'Oreal Haircare Product,L'Oreal,Haircare,1018,712.6,30,3.7,1524.0,,2025,2441,2484938,1655,5,In Stock
13,Minimalist Makeup Product,Minimalist,Makeup,1502,1276.7,15,4.3,1985.0,,2025,2483,3729466,1389,3,In Stock
14,Himalaya Makeup Product,Himalaya,Makeup,1507,1054.9,30,4.1,2003.0,,2025,1234,1859638,496,3,In Stock
15,Nivea Skincare Product,Nivea,Skincare,695,556.0,20,3.9,2171.0,,2025,4605,3200475,3402,5,Out of Stock
16,Lakme Skincare Product,Lakme,Skincare,517,439.45,15,3.5,2029.0,,2024,3435,1775895,2541,5,Out of Stock
17,Maybelline Makeup Product,Maybelline,Makeup,1513,1134.75,25,4.4,1968.0,,2024,4167,6304671,3063,2,Out of Stock
18,Dove Makeup Product,Dove,Makeup,313,219.1,30,3.5,1935.0,,2025,4893,1531509,2052,5,Out of Stock
19,L'Oreal Makeup Product,L'Oreal,Makeup,687,583.95,15,3.9,1690.0,,2025,2954,2029398,1552,4,In Stock
20,Dove Skincare Product,Dove,Skincare,1010,757.5,25,4.0,1907.0,,2025,524,529240,415,5,In Stock
21,Nivea Skincare Product,Nivea,Skincare,1493,1194.4,20,4.6,2167.0,,2024,1132,1690076,776,4,In Stock
22,Himalaya Skincare Product,Himalaya,Skincare,980,833.0,15,4.1,2167.0,,2025,2608,2555840,817,5,In Stock
23,Dove Skincare Product,Dove,Skincare,1006,754.5,25,4.3,1912.0,,2025,2097,2109582,697,2,In Stock
24,L'Oreal Skincare Product,L'Oreal,Skincare,1003,902.7,10,4.2,1446.0,,2024,2797,2805391,1487,4,In Stock
25,L'Oreal Skincare Product,L'Oreal,Skincare,291,261.9,10,3.5,1548.0,,2024,1025,298275,773,1,In Stock
26,Lakme Makeup Product,Lakme,Makeup,687,480.9,30,3.6,1994.0,,2024,1856,1275072,1056,4,In Stock
27,Nykaa Skincare Product,Nykaa,Skincare,710,639.0,10,3.7,1696.0,Dry,2025,239,169690,131,7,In Stock
28,Mamaearth Haircare Product,Mamaearth,Haircare,490,416.5,15,3.6,1857.0,,2024,2784,1364160,982,2,In Stock
29,Nykaa Haircare Product,Nykaa,Haircare,280,238.0,15,3.6,1694.0,Dry,2024,3055,855400,1919,6,Out of Stock
30,Himalaya Skincare Product,Himalaya,Skincare,279,223.2,20,3.7,2332.0,,2024,4708,1313532,3347,4,Out of Stock
31,Himalaya Makeup Product,Himalaya,Makeup,510,382.5,25,3.7,1533.0,,2025,1949,993990,955,7,In Stock
32,Dove Skincare Product,Dove,Skincare,316,221.2,30,3.9,2197.0,,2024,1317,416172,905,7,In Stock
33,Dove Haircare Product,Dove,Haircare,694,624.6,10,3.9,1420.0,,2024,1578,1095132,1234,7,In Stock
34,Minimalist Makeup Product,Minimalist,Makeup,1481,1110.75,25,4.0,1595.0,,2025,3252,4816212,1306,5,Out of Stock
35,L'Oreal Haircare Product,L'Oreal,Haircare,481,384.8,20,3.6,1639.0,,2025,3606,1734486,2025,7,Out of Stock
36,Lakme Makeup Product,Lakme,Makeup,311,264.35,15,3.8,2037.0,,2025,3940,1225340,1747,5,Out of Stock
37,Lakme Skincare Product,Lakme,Skincare,303,257.55,15,,1390.0,,2025,696,210888,484,6,In Stock
38,Himalaya Makeup Product,Himalaya,Makeup,480,432.0,10,3.8,1994.0,,2025,2938,1410240,1729,2,In Stock
39,Dove Skincare Product,Dove,Skincare,313,250.4,20,,1849.0,,2024,2485,777805,1533,3,In Stock
40,Minimalist Makeup Product,Minimalist,Makeup,302,226.5,25,3.7,1994.0,,2025,650,196300,454,5,In Stock
41,Minimalist Skincare Product,Minimalist,Skincare,703,562.4,20,3.8,1179.0,,2024,2413,1696339,1201,7,In Stock
42,Nivea Skincare Product,Nivea,Skincare,694,485.8,30,4.0,1513.0,,2025,2111,1465034,1599,7,In Stock
43,Nivea Makeup Product,Nivea,Makeup,292,204.4,30,3.6,1386.0,,2024,291,84972,164,1,In Stock
44,Himalaya Skincare Product,Himalaya,Skincare,695,625.5,10,4.0,2718.0,,2024,2091,1453245,792,7,In Stock
45,Himalaya Makeup Product,Himalaya,Makeup,1486,1188.8,20,3.9,1525.0,,2025,2874,4270764,1862,2,In Stock
46,Lakme Skincare Product,Lakme,Skincare,306,275.4,10,3.8,1502.0,,2024,2662,814572,1854,4,In Stock
47,Nykaa Skincare Product,Nykaa,Skincare,682,545.6,20,3.8,1817.0,Combination,2024,1413,963666,647,4,In Stock
48,Nivea Skincare Product,Nivea,Skincare,1484,1187.2,20,4.4,1296.0,,2025,1528,2267552,1113,7,In Stock
49,Dove Haircare Product,Dove,Haircare,711,533.25,25,3.7,1285.0,,2025,2606,1852866,1962,1,In Stock
50,Lakme Makeup Product,Lakme,Makeup,281,238.85,15,3.8,1787.0,,2024,825,231825,361,5,In Stock
51,Nykaa Haircare Product,Nykaa,Haircare,481,408.85,15,3.8,1417.0,Dry,2024,4064,1954784,3217,2,Out of Stock
52,Maybelline Skincare Product,Maybelline,Skincare,504,453.6,10,3.8,2293.0,,2024,84,42336,31,1,In Stock
53,Maybelline Skincare Product,Maybelline,Skincare,504,403.2,20,3.9,1349.0,,2025,3202,1613808,1284,5,Out of Stock
54,Nykaa Haircare Product,Nykaa,Haircare,985,886.5,10,3.8,1908.0,All,2024,2005,1974925,786,2,In Stock
55,Biotique Haircare Product,Biotique,Haircare,1001,750.75,25,3.7,2340.0,,2024,1635,1636635,1221,7,In Stock
56,Dove Skincare Product,Dove,Skincare,703,597.55,15,3.5,1807.0,,2024,3993,2807079,2504,4,Out of Stock
57,Biotique Haircare Product,Biotique,Haircare,500,450.0,10,3.6,1619.0,,2025,3123,1561500,1174,2,Out of Stock
58,Nivea Skincare Product,Nivea,Skincare,286,200.2,30,3.9,1734.0,,2025,1071,306306,557,7,In Stock
59,L'Oreal Makeup Product,L'Oreal,Makeup,1008,806.4,20,4.3,2108.0,,2024,3511,3539088,2133,6,Out of Stock
60,Nykaa Haircare Product,Nykaa,Haircare,1508,1206.4,20,4.1,2075.0,Oily,2025,2663,4015804,910,3,In Stock
61,Lakme Haircare Product,Lakme,Haircare,1004,702.8,30,4.4,1676.0,,2024,3893,3908572,2885,2,Out of Stock
62,Nykaa Skincare Product,Nykaa,Skincare,279,237.15,15,3.6,1658.0,Oily,2024,1550,432450,1087,3,In Stock
63,Minimalist Makeup Product,Minimalist,Makeup,318,222.6,30,3.7,2235.0,,2024,4848,1541664,2679,2,Out of Stock
64,Minimalist Skincare Product,Minimalist,Skincare,1481,1110.75,25,4.0,1868.0,,2025,211,312491,165,3,In Stock
65,Mamaearth Haircare Product,Mamaearth,Haircare,307,230.25,25,3.7,1972.0,,2025,4347,1334529,2212,6,Out of Stock
66,Nykaa Skincare Product,Nykaa,Skincare,994,844.9,15,4.1,1999.0,Combination,2025,2031,2018814,1608,4,In Stock
67,Minimalist Makeup Product,Minimalist,Makeup,1011,707.7,30,4.3,1430.0,,2025,1045,1056495,662,5,In Stock
68,Lakme Makeup Product,Lakme,Makeup,1514,1286.9,15,4.3,2086.0,,2024,4961,7510954,3062,3,Out of Stock
69,L'Oreal Makeup Product,L'Oreal,Makeup,1482,1259.7,15,4.3,1744.0,,2025,3392,5026944,1299,6,Out of Stock
70,L'Oreal Skincare Product,L'Oreal,Skincare,698,523.5,25,4.2,1468.0,,2025,4601,3211498,3409,3,Out of Stock
71,Nykaa Skincare Product,Nykaa,Skincare,315,236.25,25,3.7,1707.0,Oily,2025,3848,1212120,1976,4,Out of Stock
72,Himalaya Skincare Product,Himalaya,Skincare,507,354.9,30,,1339.0,,2025,1325,671775,504,3,In Stock
73,Mamaearth Makeup Product,Mamaearth,Makeup,1513,1361.7,10,4.0,2271.0,,2025,1066,1612858,326,6,In Stock
74,L'Oreal Haircare Product,L'Oreal,Haircare,504,428.4,15,,1225.0,,2024,387,195048,224,7,In Stock
75,L'Oreal Makeup Product,L'Oreal,Makeup,489,342.3,30,3.7,1588.0,,2024,928,453792,523,6,In Stock
76,Minimalist Haircare Product,Minimalist,Haircare,1514,1286.9,15,4.6,1357.0,,2025,1126,1704764,742,1,In Stock
77,Mamaearth Haircare Product,Mamaearth,Haircare,713,534.75,25,4.1,1642.0,,2024,4937,3520081,3678,4,Out of Stock
78,Himalaya Makeup Product,Himalaya,Makeup,1490,1341.0,10,4.5,2157.0,,2024,4043,6024070,1373,7,Out of Stock
79,Nivea Haircare Product,Nivea,Haircare,708,637.2,10,3.8,2736.0,,2024,4909,3475572,3268,1,Out of Stock
80,Lakme Skincare Product,Lakme,Skincare,300,210.0,30,3.6,1976.0,,2024,429,128700,168,4,In Stock
81,Lakme Skincare Product,Lakme,Skincare,997,747.75,25,4.1,1782.0,,2024,542,540374,395,7,In Stock
82,Biotique Skincare Product,Biotique,Skincare,997,847.45,15,3.8,,,2024,2112,2105664,1498,3,In Stock
83,Biotique Haircare Product,Biotique,Haircare,690,621.0,10,3.6,1800.0,,2025,3934,2714460,2243,7,Out of Stock
84,L'Oreal Skincare Product,L'Oreal,Skincare,1501,1350.9,10,4.6,2041.0,,2025,114,171114,74,6,In Stock
85,Lakme Haircare Product,Lakme,Haircare,987,838.95,15,4.0,1824.0,,2024,2618,2583966,1196,1,In Stock
86,L'Oreal Haircare Product,L'Oreal,Haircare,1518,1290.3,15,4.4,1809.0,,2024,2077,3152886,1112,3,In Stock
87,Nivea Haircare Product,Nivea,Haircare,483,338.1,30,3.5,1277.0,,2025,2745,1325835,1951,6,In Stock
88,Himalaya Skincare Product,Himalaya,Skincare,995,895.5,10,3.6,2040.0,,2024,1545,1537275,818,4,In Stock
89,Nykaa Skincare Product,Nykaa,Skincare,1009,807.2,20,4.1,2262.0,All,2024,441,444969,211,7,In Stock
90,Nivea Makeup Product,Nivea,Makeup,688,584.8,15,3.7,1177.0,,2024,4564,3140032,2496,6,Out of Stock
91,Himalaya Haircare Product,Himalaya,Haircare,1491,1267.35,15,4.1,1805.0,,2025,4524,6745284,3230,3,Out of Stock
92,Himalaya Makeup Product,Himalaya,Makeup,986,690.2,30,4.1,,,2024,3611,3560446,1688,1,Out of Stock
93,Minimalist Makeup Product,Minimalist,Makeup,691,518.25,25,3.8,1880.0,,2024,2328,1608648,900,1,In Stock
94,Himalaya Makeup Product,Himalaya,Makeup,303,272.7,10,,1743.0,,2024,3149,954147,2065,7,Out of Stock
95,Himalaya Makeup Product,Himalaya,Makeup,1514,1211.2,20,4.2,1905.0,,2024,250,378500,178,6,In Stock
96,Nykaa Haircare Product,Nykaa,Haircare,292,262.8,10,3.9,2324.0,Oily,2024,4925,1438100,1725,3,Out of Stock
97,Maybelline Makeup Product,Maybelline,Makeup,289,216.75,25,3.5,1629.0,,2025,3154,911506,1324,2,Out of Stock
98,Biotique Haircare Product,Biotique,Haircare,1486,1263.1,15,4.2,1433.0,,2025,4648,6906928,1724,4,Out of Stock
99,Minimalist Haircare Product,Minimalist,Haircare,506,379.5,25,3.5,1468.0,,2025,2504,1267024,1186,4,In Stock
100,Nykaa Haircare Product,Nykaa,Haircare,695,625.5,10,4.0,1626.0,Dry,2025,3695,2568025,1940,3,Out of Stock
101,Nykaa Skincare Product,Nykaa,Skincare,1007,704.9,30,3.7,2289.0,Dry,2024,854,859978,575,2,In Stock
102,Biotique Skincare Product,Biotique,Skincare,483,434.7,10,3.7,2198.0,,2025,2781,1343223,1739,1,In Stock
103,Biotique Skincare Product,Biotique,Skincare,289,202.3,30,3.5,2130.0,,2024,2823,815847,1723,7,In Stock
104,Biotique Skincare Product,Biotique,Skincare,705,634.5,10,3.8,2131.0,,2024,1620,1142100,771,5,In Stock
105,L'Oreal Makeup Product,L'Oreal,Makeup,679,475.3,30,3.8,1774.0,,2024,2740,1860460,1974,5,In Stock
106,Himalaya Makeup Product,Himalaya,Makeup,1515,1287.75,15,4.2,2026.0,,2024,3890,5893350,2083,7,Out of Stock
107,Nykaa Haircare Product,Nykaa,Haircare,279,223.2,20,3.5,1498.0,Combination,2024,1078,300762,851,3,In Stock
108,L'Oreal Makeup Product,L'Oreal,Makeup,318,270.3,15,3.5,1608.0,,2025,552,175536,340,2,In Stock
109,Nivea Skincare Product,Nivea,Skincare,512,409.6,20,4.0,1820.0,,2024,4543,2326016,1649,2,Out of Stock
110,Nykaa Haircare Product,Nykaa,Haircare,983,786.4,20,3.8,1679.0,Dry,2025,920,904360,587,4,In Stock
111,Himalaya Skincare Product,Himalaya,Skincare,1499,1274.15,15,4.3,1874.0,,2025,4538,6802462,2099,1,Out of Stock
112,Biotique Makeup Product,Biotique,Makeup,512,435.2,15,3.5,1088.0,,2025,256,131072,164,6,In Stock
113,Maybelline Haircare Product,Maybelline,Haircare,516,464.4,10,3.7,2140.0,,2025,1534,791544,513,2,In Stock
114,Maybelline Makeup Product,Maybelline,Makeup,495,346.5,30,3.7,2165.0,,2024,913,451935,353,7,In Stock
115,L'Oreal Makeup Product,L'Oreal,Makeup,288,259.2,10,3.6,1220.0,,2024,2840,817920,2067,6,In Stock
116,Lakme Skincare Product,Lakme,Skincare,484,338.8,30,3.5,1519.0,,2025,613,296692,253,5,In Stock
117,Mamaearth Haircare Product,Mamaearth,Haircare,689,551.2,20,3.4,2289.0,,2025,4241,2922049,3047,6,Out of Stock
118,Minimalist Haircare Product,Minimalist,Haircare,694,520.5,25,3.7,1422.0,,2025,1807,1254058,794,1,In Stock
119,Maybelline Skincare Product,Maybelline,Skincare,710,568.0,20,,1784.0,,2024,1728,1226880,1073,7,In Stock
120,Nykaa Makeup Product,Nykaa,Makeup,1497,1047.9,30,4.1,1582.0,Dry,2024,3292,4928124,2130,1,Out of Stock
121,Dove Skincare Product,Dove,Skincare,1500,1050.0,30,4.6,,,2025,4686,7029000,2606,6,Out of Stock
122,Biotique Haircare Product,Biotique,Haircare,1004,853.4,15,3.9,1534.0,,2025,1109,1113436,501,3,In Stock
123,Nykaa Skincare Product,Nykaa,Skincare,687,583.95,15,3.9,2141.0,Oily,2025,1772,1217364,720,2,In Stock
124,Nykaa Haircare Product,Nykaa,Haircare,695,590.75,15,3.9,1790.0,All,2025,3364,2337980,1065,7,Out of Stock
125,Minimalist Makeup Product,Minimalist,Makeup,506,430.1,15,3.9,1483.0,,2024,3207,1622742,1449,3,Out of Stock
126,Biotique Skincare Product,Biotique,Skincare,696,591.6,15,3.6,1222.0,,2024,2675,1861800,1676,6,In Stock
127,Nykaa Makeup Product,Nykaa,Makeup,315,236.25,25,3.5,1375.0,Oily,2024,2779,875385,2137,2,In Stock
128,Biotique Haircare Product,Biotique,Haircare,1003,902.7,10,3.9,1146.0,,2025,1647,1651941,1211,4,In Stock
129,Dove Haircare Product,Dove,Haircare,481,432.9,10,3.6,,,2024,3110,1495910,2124,3,Out of Stock
130,Lakme Makeup Product,Lakme,Makeup,486,437.4,10,3.3,1980.0,,2024,2743,1333098,1904,3,In Stock
131,Minimalist Haircare Product,Minimalist,Haircare,1484,1113.0,25,4.4,2452.0,,2025,4941,7332444,3125,6,Out of Stock
132,Minimalist Makeup Product,Minimalist,Makeup,684,478.8,30,3.7,1362.0,,2024,3677,2515068,1581,5,Out of Stock
133,Dove Skincare Product,Dove,Skincare,1008,806.4,20,4.0,2072.0,,2025,1413,1424304,1064,6,In Stock
134,Maybelline Haircare Product,Maybelline,Haircare,682,613.8,10,4.2,1817.0,,2025,2031,1385142,1290,3,In Stock
135,Himalaya Skincare Product,Himalaya,Skincare,280,224.0,20,3.3,,,2025,1713,479640,993,2,In Stock
136,Himalaya Skincare Product,Himalaya,Skincare,983,835.55,15,3.8,1218.0,,2025,1579,1552157,561,5,In Stock
137,Nykaa Haircare Product,Nykaa,Haircare,298,268.2,10,4.0,1879.0,Oily,2024,2088,622224,1093,6,In Stock
138,Lakme Makeup Product,Lakme,Makeup,1489,1116.75,25,4.4,1374.0,,2024,3352,4991128,1777,7,Out of Stock
139,Maybelline Makeup Product,Maybelline,Makeup,488,341.6,30,3.9,1606.0,,2025,2287,1116056,1674,6,In Stock
140,Maybelline Skincare Product,Maybelline,Skincare,315,283.5,10,3.8,2192.0,,2025,1356,427140,777,3,In Stock
141,Himalaya Makeup Product,Himalaya,Makeup,708,637.2,10,3.9,1973.0,,2024,4079,2887932,1999,3,Out of Stock
142,Biotique Skincare Product,Biotique,Skincare,492,344.4,30,,1786.0,,2025,2725,1340700,2148,4,In Stock
143,Himalaya Haircare Product,Himalaya,Haircare,1013,810.4,20,4.0,1905.0,,2024,1332,1349316,473,6,In Stock
144,Dove Makeup Product,Dove,Makeup,1007,805.6,20,3.9,1956.0,,2025,759,764313,388,3,In Stock
145,Minimalist Makeup Product,Minimalist,Makeup,699,489.3,30,4.0,2110.0,,2024,4794,3351006,1538,7,Out of Stock
146,L'Oreal Makeup Product,L'Oreal,Makeup,482,433.8,10,3.7,2024.0,,2024,4463,2151166,2989,1,Out of Stock
147,L'Oreal Haircare Product,L'Oreal,Haircare,716,644.4,10,3.9,2282.0,,2024,3798,2719368,2882,5,Out of Stock
148,Nykaa Makeup Product,Nykaa,Makeup,295,265.5,10,3.8,1058.0,Dry,2024,4829,1424555,2124,1,Out of Stock
149,Mamaearth Skincare Product,Mamaearth,Skincare,1518,1214.4,20,3.8,2189.0,,2024,713,1082334,519,5,In Stock
150,Nykaa Skincare Product,Nykaa,Skincare,685,548.0,20,3.7,1619.0,Oily,2025,2048,1402880,913,7,In Stock
151,L'Oreal Haircare Product,L'Oreal,Haircare,1511,1133.25,25,,2354.0,,2024,3495,5280945,2640,6,Out of Stock
152,Mamaearth Haircare Product,Mamaearth,Haircare,1516,1364.4,10,,1554.0,,2024,3793,5750188,2567,4,Out of Stock
153,Maybelline Skincare Product,Maybelline,Skincare,282,239.7,15,3.7,1840.0,,2024,1545,435690,1085,3,In Stock
154,Maybelline Makeup Product,Maybelline,Makeup,316,221.2,30,3.6,1426.0,,2025,3354,1059864,1036,3,Out of Stock
155,Nivea Makeup Product,Nivea,Makeup,1486,1040.2,30,3.7,1624.0,,2024,3813,5666118,2979,3,Out of Stock
156,L'Oreal Haircare Product,L'Oreal,Haircare,1480,1184.0,20,4.5,2202.0,,2024,1903,2816440,1262,6,In Stock
157,Nivea Haircare Product,Nivea,Haircare,1004,803.2,20,,1947.0,,2024,4709,4727836,2130,5,Out of Stock
158,Biotique Makeup Product,Biotique,Makeup,518,440.3,15,3.8,2553.0,,2024,1341,694638,958,7,In Stock
159,Nykaa Haircare Product,Nykaa,Haircare,311,233.25,25,3.5,1761.0,Combination,2024,3631,1129241,1600,3,Out of Stock
160,Mamaearth Makeup Product,Mamaearth,Makeup,983,688.1,30,3.8,1901.0,,2024,3507,3447381,2582,1,Out of Stock
161,L'Oreal Skincare Product,L'Oreal,Skincare,1009,857.65,15,3.9,1631.0,,2024,1686,1701174,600,3,In Stock
162,Mamaearth Makeup Product,Mamaearth,Makeup,1001,900.9,10,3.8,1430.0,,2025,3746,3749746,2441,6,Out of Stock
163,Maybelline Skincare Product,Maybelline,Skincare,718,502.6,30,4.1,1612.0,,2024,3049,2189182,1738,7,Out of Stock
164,Mamaearth Haircare Product,Mamaearth,Haircare,504,453.6,10,,1455.0,,2024,3202,1613808,1115,4,Out of Stock
165,L'Oreal Haircare Product,L'Oreal,Haircare,489,415.65,15,3.4,,,2025,748,365772,314,7,In Stock
166,Minimalist Haircare Product,Minimalist,Haircare,695,556.0,20,3.9,1321.0,,2024,2210,1535950,676,1,In Stock
167,Himalaya Skincare Product,Himalaya,Skincare,984,688.8,30,3.9,1988.0,,2024,4147,4080648,2216,3,Out of Stock
168,Minimalist Skincare Product,Minimalist,Skincare,700,595.0,15,3.8,1428.0,,2025,4787,3350900,2157,3,Out of Stock
169,Mamaearth Haircare Product,Mamaearth,Haircare,1018,916.2,10,3.8,1424.0,,2024,904,920272,541,2,In Stock
170,Lakme Skincare Product,Lakme,Skincare,697,487.9,30,3.6,2159.0,,2025,3524,2456228,1580,5,Out of Stock
171,Himalaya Skincare Product,Himalaya,Skincare,696,626.4,10,3.8,2211.0,,2025,1757,1222872,790,1,In Stock
172,Minimalist Skincare Product,Minimalist,Skincare,506,455.4,10,4.0,,,2024,2827,1430462,1898,2,In Stock
173,Biotique Haircare Product,Biotique,Haircare,979,685.3,30,4.0,1744.0,,2024,1783,1745557,577,7,In Stock
174,Biotique Haircare Product,Biotique,Haircare,488,390.4,20,3.5,2225.0,,2024,4981,2430728,3742,4,Out of Stock
175,Nykaa Haircare Product,Nykaa,Haircare,1010,858.5,15,4.0,2107.0,All,2024,3560,3595600,2585,5,Out of Stock
176,Nykaa Skincare Product,Nykaa,Skincare,281,224.8,20,4.2,1884.0,Dry,2025,252,70812,159,1,In Stock
177,Nivea Skincare Product,Nivea,Skincare,315,252.0,20,3.7,2033.0,,2025,3305,1041075,1971,3,Out of Stock
178,Maybelline Haircare Product,Maybelline,Haircare,513,410.4,20,3.7,,,2024,4268,2189484,3184,7,Out of Stock
179,Biotique Makeup Product,Biotique,Makeup,485,412.25,15,3.4,2209.0,,2025,4546,2204810,1785,1,Out of Stock
180,Minimalist Makeup Product,Minimalist,Makeup,479,335.3,30,3.5,1455.0,,2024,816,390864,277,3,In Stock
181,Maybelline Makeup Product,Maybelline,Makeup,481,360.75,25,3.6,2024.0,,2025,4439,2135159,1863,5,Out of Stock
182,Nivea Haircare Product,Nivea,Haircare,312,218.4,30,3.7,1710.0,,2025,2377,741624,1657,3,In Stock
183,Himalaya Haircare Product,Himalaya,Haircare,1002,901.8,10,,2130.0,,2025,2981,2986962,945,4,In Stock
184,Maybelline Skincare Product,Maybelline,Skincare,295,265.5,10,4.1,2021.0,,2024,247,72865,146,7,In Stock
185,Maybelline Haircare Product,Maybelline,Haircare,300,240.0,20,3.4,1613.0,,2024,1980,594000,1579,6,In Stock
186,L'Oreal Haircare Product,L'Oreal,Haircare,1512,1058.4,30,4.3,1566.0,,2025,3632,5491584,2643,3,Out of Stock
187,Himalaya Makeup Product,Himalaya,Makeup,495,346.5,30,4.0,1941.0,,2025,658,325710,368,4,In Stock
188,Mamaearth Makeup Product,Mamaearth,Makeup,1500,1050.0,30,4.1,1547.0,,2025,3322,4983000,1102,6,Out of Stock
189,Maybelline Haircare Product,Maybelline,Haircare,718,610.3,15,4.2,2144.0,,2025,1197,859446,856,7,In Stock
190,Nykaa Haircare Product,Nykaa,Haircare,495,420.75,15,4.0,1651.0,All,2025,4332,2144340,2596,5,Out of Stock
191,L'Oreal Skincare Product,L'Oreal,Skincare,479,383.2,20,3.8,1693.0,,2025,3447,1651113,1232,5,Out of Stock
192,Minimalist Skincare Product,Minimalist,Skincare,1499,1199.2,20,4.1,1414.0,,2025,2561,3838939,888,7,In Stock
193,Minimalist Skincare Product,Minimalist,Skincare,317,253.6,20,3.6,1886.0,,2024,1844,584548,1391,7,In Stock
194,Mamaearth Makeup Product,Mamaearth,Makeup,1511,1284.35,15,4.1,1856.0,,2024,709,1071299,449,1,In Stock
195,Lakme Haircare Product,Lakme,Haircare,712,640.8,10,3.8,1832.0,,2024,2861,2037032,2044,4,In Stock
196,Maybelline Haircare Product,Maybelline,Haircare,318,286.2,10,4.0,1588.0,,2025,1419,451242,1049,4,In Stock
197,Nivea Makeup Product,Nivea,Makeup,503,402.4,20,3.9,1939.0,,2024,2036,1024108,1192,7,In Stock
198,Minimalist Makeup Product,Minimalist,Makeup,1008,856.8,15,,1582.0,,2025,196,197568,109,2,In Stock
199,L'Oreal Skincare Product,L'Oreal,Skincare,695,590.75,15,3.9,2363.0,,2024,3269,2271955,1684,2,Out of Stock
200,Lakme Skincare Product,Lakme,Skincare,994,795.2,20,4.2,2025.0,,2024,2961,2943234,1357,6,In Stock
201,Biotique Skincare Product,Biotique,Skincare,1494,1344.6,10,4.3,2080.0,,2025,1784,2665296,922,6,In Stock
202,Maybelline Makeup Product,Maybelline,Makeup,704,633.6,10,3.9,1842.0,,2025,1893,1332672,1300,2,In Stock
203,L'Oreal Makeup Product,L'Oreal,Makeup,499,424.15,15,3.6,1611.0,,2024,538,268462,323,7,In Stock
204,Dove Skincare Product,Dove,Skincare,286,243.1,15,3.9,1672.0,,2024,3026,865436,2258,7,Out of Stock
205,Nykaa Makeup Product,Nykaa,Makeup,1017,813.6,20,4.2,1685.0,Dry,2025,2009,2043153,1048,6,In Stock
206,Himalaya Skincare Product,Himalaya,Skincare,292,233.6,20,3.5,2522.0,,2024,2435,711020,1469,3,In Stock
207,Biotique Skincare Product,Biotique,Skincare,715,572.0,20,4.1,1551.0,,2024,2969,2122835,1827,7,In Stock
208,Mamaearth Haircare Product,Mamaearth,Haircare,1017,915.3,10,4.4,2025.0,,2024,4786,4867362,2851,2,Out of Stock
209,Maybelline Makeup Product,Maybelline,Makeup,1496,1346.4,10,,2126.0,,2024,1852,2770592,1206,4,In Stock
210,Minimalist Skincare Product,Minimalist,Skincare,513,436.05,15,3.7,1384.0,,2025,4111,2108943,1721,7,Out of Stock
211,Himalaya Skincare Product,Himalaya,Skincare,717,537.75,25,3.9,1613.0,,2024,3419,2451423,1901,7,Out of Stock
212,Maybelline Makeup Product,Maybelline,Makeup,988,889.2,10,4.1,1194.0,,2025,312,308256,109,3,In Stock
213,Maybelline Skincare Product,Maybelline,Skincare,308,277.2,10,3.6,1478.0,,2025,673,207284,331,6,In Stock
214,Nivea Haircare Product,Nivea,Haircare,482,409.7,15,3.4,1317.0,,2025,1066,513812,579,7,In Stock
215,Mamaearth Makeup Product,Mamaearth,Makeup,990,792.0,20,4.0,1552.0,,2025,3693,3656070,2312,5,Out of Stock
216,Lakme Skincare Product,Lakme,Skincare,691,587.35,15,4.1,2306.0,,2024,2099,1450409,1627,1,In Stock
217,Himalaya Haircare Product,Himalaya,Haircare,1488,1190.4,20,4.1,1640.0,,2024,3773,5614224,2265,2,Out of Stock
218,Dove Haircare Product,Dove,Haircare,281,196.7,30,3.9,1608.0,,2024,4598,1292038,3088,5,Out of Stock
219,Minimalist Makeup Product,Minimalist,Makeup,302,241.6,20,3.5,1889.0,,2025,3158,953716,1746,6,Out of Stock
220,Maybelline Makeup Product,Maybelline,Makeup,1503,1352.7,10,3.8,1496.0,,2024,4140,6222420,2554,4,Out of Stock
221,Himalaya Skincare Product,Himalaya,Skincare,706,494.2,30,3.9,1880.0,,2024,2106,1486836,706,1,In Stock
222,L'Oreal Skincare Product,L'Oreal,Skincare,283,226.4,20,,1480.0,,2025,3220,911260,1375,5,Out of Stock
223,Biotique Makeup Product,Biotique,Makeup,683,580.55,15,4.0,1811.0,,2024,1732,1182956,832,1,In Stock
224,Dove Makeup Product,Dove,Makeup,1506,1054.2,30,4.3,2169.0,,2025,2305,3471330,1236,2,In Stock
225,Himalaya Haircare Product,Himalaya,Haircare,681,578.85,15,4.1,1859.0,,2024,1204,819924,388,6,In Stock
226,Biotique Makeup Product,Biotique,Makeup,284,227.2,20,3.6,1884.0,,2024,4549,1291916,1683,7,Out of Stock
227,Dove Skincare Product,Dove,Skincare,691,552.8,20,3.9,1591.0,,2025,3241,2239531,1420,4,Out of Stock
228,Mamaearth Makeup Product,Mamaearth,Makeup,985,689.5,30,3.9,1529.0,,2024,1746,1719810,1371,6,In Stock
229,Mamaearth Skincare Product,Mamaearth,Skincare,514,436.9,15,3.8,2143.0,,2024,4041,2077074,1881,1,Out of Stock
230,Minimalist Skincare Product,Minimalist,Skincare,510,357.0,30,3.8,1773.0,,2024,4773,2434230,2582,5,Out of Stock
231,Minimalist Haircare Product,Minimalist,Haircare,318,270.3,15,3.8,2408.0,,2024,4732,1504776,1883,2,Out of Stock
232,Nivea Haircare Product,Nivea,Haircare,684,547.2,20,3.9,2253.0,,2025,1698,1161432,1027,2,In Stock
233,Nykaa Haircare Product,Nykaa,Haircare,506,379.5,25,3.9,1568.0,Dry,2025,1495,756470,658,6,In Stock
234,Minimalist Makeup Product,Minimalist,Makeup,998,748.5,25,4.0,1678.0,,2025,4249,4240502,1714,7,Out of Stock
235,Dove Makeup Product,Dove,Makeup,290,261.0,10,3.3,,,2024,3973,1152170,2218,5,Out of Stock
236,Lakme Makeup Product,Lakme,Makeup,496,421.6,15,4.2,1618.0,,2025,303,150288,91,7,In Stock
237,Biotique Makeup Product,Biotique,Makeup,990,693.0,30,4.3,1840.0,,2025,3233,3200670,982,7,Out of Stock
238,Dove Makeup Product,Dove,Makeup,501,425.85,15,3.7,1372.0,,2025,2607,1306107,1067,5,In Stock
239,Mamaearth Skincare Product,Mamaearth,Skincare,995,796.0,20,3.8,1706.0,,2025,148,147260,47,1,In Stock
240,Himalaya Skincare Product,Himalaya,Skincare,1507,1205.6,20,4.5,2293.0,,2024,2250,3390750,796,6,In Stock
241,Mamaearth Makeup Product,Mamaearth,Makeup,681,612.9,10,3.9,1852.0,,2024,3011,2050491,1413,6,Out of Stock
242,Mamaearth Skincare Product,Mamaearth,Skincare,1498,1198.4,20,4.4,1818.0,,2024,4483,6715534,3143,3,Out of Stock
243,Nykaa Makeup Product,Nykaa,Makeup,513,461.7,10,3.5,2133.0,Dry,2024,3827,1963251,2242,6,Out of Stock
244,Nykaa Makeup Product,Nykaa,Makeup,994,795.2,20,4.1,1957.0,Combination,2025,2919,2901486,1623,2,In Stock
245,Nykaa Haircare Product,Nykaa,Haircare,685,548.0,20,3.7,2021.0,Oily,2025,3284,2249540,1467,1,Out of Stock
246,Mamaearth Makeup Product,Mamaearth,Makeup,981,735.75,25,4.0,2232.0,,2024,3841,3768021,2941,5,Out of Stock
247,Minimalist Haircare Product,Minimalist,Haircare,298,223.5,25,3.4,1774.0,,2024,1006,299788,501,6,In Stock
248,Biotique Skincare Product,Biotique,Skincare,1000,700.0,30,4.2,1644.0,,2025,4117,4117000,1414,1,Out of Stock
249,Himalaya Skincare Product,Himalaya,Skincare,691,621.9,10,3.8,1032.0,,2025,210,145110,127,6,In Stock
250,Nykaa Skincare Product,Nykaa,Skincare,703,632.7,10,4.0,2053.0,Dry,2024,4543,3193729,1621,5,Out of Stock
251,Mamaearth Makeup Product,Mamaearth,Makeup,295,221.25,25,4.1,1813.0,,2024,1350,398250,638,4,In Stock
252,Biotique Skincare Product,Biotique,Skincare,1011,859.35,15,4.0,1565.0,,2024,4961,5015571,2746,5,Out of Stock
253,Himalaya Skincare Product,Himalaya,Skincare,291,261.9,10,3.6,2042.0,,2024,4037,1174767,2975,5,Out of Stock
254,Lakme Makeup Product,Lakme,Makeup,516,438.6,15,4.0,1986.0,,2024,1577,813732,862,5,In Stock
255,Nykaa Skincare Product,Nykaa,Skincare,518,414.4,20,4.1,2234.0,Combination,2025,1268,656824,825,6,In Stock
256,Biotique Haircare Product,Biotique,Haircare,290,246.5,15,3.9,1947.0,,2025,4546,1318340,3620,3,Out of Stock
257,Dove Makeup Product,Dove,Makeup,685,548.0,20,3.9,2065.0,,2025,4785,3277725,1750,5,Out of Stock
258,L'Oreal Haircare Product,L'Oreal,Haircare,500,425.0,15,3.6,1712.0,,2024,3154,1577000,1379,2,Out of Stock
259,Minimalist Haircare Product,Minimalist,Haircare,992,793.6,20,4.1,2290.0,,2024,2785,2762720,1384,2,In Stock
260,Nykaa Haircare Product,Nykaa,Haircare,991,891.9,10,3.9,,Combination,2024,4605,4563555,2352,1,Out of Stock
261,Himalaya Makeup Product,Himalaya,Makeup,986,690.2,30,4.1,2158.0,,2024,1004,989944,507,3,In Stock
262,Lakme Makeup Product,Lakme,Makeup,696,591.6,15,3.6,2079.0,,2025,4615,3212040,3478,1,Out of Stock
263,Minimalist Haircare Product,Minimalist,Haircare,281,210.75,25,3.8,1453.0,,2025,3496,982376,2296,2,Out of Stock
264,Dove Makeup Product,Dove,Makeup,1493,1343.7,10,4.2,1945.0,,2025,1095,1634835,661,7,In Stock
265,Mamaearth Skincare Product,Mamaearth,Skincare,1509,1282.65,15,4.2,2312.0,,2024,1743,2630187,792,2,In Stock
266,Minimalist Haircare Product,Minimalist,Haircare,1006,754.5,25,4.0,2274.0,,2024,3486,3506916,2481,4,Out of Stock
267,Lakme Haircare Product,Lakme,Haircare,510,459.0,10,,1682.0,,2025,612,312120,475,5,In Stock
268,Nivea Skincare Product,Nivea,Skincare,980,833.0,15,4.1,2160.0,,2025,2535,2484300,1801,7,In Stock
269,Biotique Skincare Product,Biotique,Skincare,690,552.0,20,4.1,2234.0,,2024,3404,2348760,1023,2,Out of Stock
270,Minimalist Makeup Product,Minimalist,Makeup,313,266.05,15,3.8,1838.0,,2025,275,86075,170,6,In Stock
271,Himalaya Haircare Product,Himalaya,Haircare,492,418.2,15,3.8,1672.0,,2025,4943,2431956,1609,6,Out of Stock
272,Nivea Makeup Product,Nivea,Makeup,1492,1342.8,10,4.1,1902.0,,2025,1009,1505428,432,1,In Stock
273,Lakme Makeup Product,Lakme,Makeup,303,272.7,10,3.9,1691.0,,2025,4598,1393194,1516,7,Out of Stock
274,Biotique Haircare Product,Biotique,Haircare,1479,1109.25,25,3.9,1698.0,,2024,3117,4610043,1876,1,Out of Stock
275,Lakme Haircare Product,Lakme,Haircare,692,588.2,15,4.2,1663.0,,2024,865,598580,556,5,In Stock
276,Nykaa Makeup Product,Nykaa,Makeup,279,195.3,30,3.8,1342.0,Oily,2024,4804,1340316,1716,5,Out of Stock
277,Nivea Makeup Product,Nivea,Makeup,298,223.5,25,3.6,2343.0,,2025,4692,1398216,2308,4,Out of Stock
278,Dove Haircare Product,Dove,Haircare,306,229.5,25,3.5,1713.0,,2025,3170,970020,1674,3,Out of Stock
279,Biotique Skincare Product,Biotique,Skincare,487,340.9,30,3.7,1429.0,,2025,66,32142,31,1,In Stock
280,Lakme Makeup Product,Lakme,Makeup,1483,1334.7,10,4.1,1822.0,,2024,1293,1917519,466,5,In Stock
281,Lakme Haircare Product,Lakme,Haircare,498,348.6,30,4.1,1756.0,,2025,2255,1122990,1148,1,In Stock
282,L'Oreal Haircare Product,L'Oreal,Haircare,503,427.55,15,3.8,1880.0,,2025,2574,1294722,1738,5,In Stock
283,Nykaa Haircare Product,Nykaa,Haircare,701,525.75,25,3.6,1747.0,Oily,2024,1119,784419,375,2,In Stock
284,Lakme Haircare Product,Lakme,Haircare,1494,1269.9,15,4.4,1563.0,,2025,3494,5220036,1188,1,Out of Stock
285,Maybelline Haircare Product,Maybelline,Haircare,499,449.1,10,3.6,1865.0,,2025,2615,1304885,1248,2,In Stock
286,Nykaa Haircare Product,Nykaa,Haircare,1500,1275.0,15,4.2,1831.0,All,2025,1110,1665000,855,1,In Stock
287,Maybelline Makeup Product,Maybelline,Makeup,495,420.75,15,3.8,2075.0,,2024,2377,1176615,1507,3,In Stock
288,Biotique Makeup Product,Biotique,Makeup,1005,904.5,10,4.2,2196.0,,2024,3470,3487350,2218,4,Out of Stock
289,Lakme Makeup Product,Lakme,Makeup,709,496.3,30,4.0,2344.0,,2024,351,248859,168,6,In Stock
290,Nivea Skincare Product,Nivea,Skincare,980,833.0,15,3.7,2019.0,,2025,4326,4239480,2581,6,Out of Stock
291,Maybelline Makeup Product,Maybelline,Makeup,303,212.1,30,3.7,2170.0,,2025,656,198768,200,6,In Stock
292,Nivea Skincare Product,Nivea,Skincare,289,216.75,25,3.9,1988.0,,2024,3220,930580,1990,2,Out of Stock
293,Biotique Haircare Product,Biotique,Haircare,1016,812.8,20,4.1,2030.0,,2025,749,760984,566,7,In Stock
294,Nykaa Haircare Product,Nykaa,Haircare,301,240.8,20,3.6,2004.0,Dry,2024,1189,357889,720,5,In Stock
295,Nykaa Skincare Product,Nykaa,Skincare,299,269.1,10,3.4,1186.0,Dry,2025,240,71760,176,6,In Stock
296,Nivea Haircare Product,Nivea,Haircare,1497,1122.75,25,4.7,2273.0,,2024,2350,3517950,1555,3,In Stock
297,Nykaa Skincare Product,Nykaa,Skincare,313,234.75,25,3.7,1670.0,All,2025,1030,322390,371,6,In Stock
298,Nykaa Makeup Product,Nykaa,Makeup,480,432.0,10,,1682.0,Oily,2024,3025,1452000,2272,1,Out of Stock
299,Lakme Makeup Product,Lakme,Makeup,484,363.0,25,3.5,1206.0,,2024,1234,597256,411,2,In Stock
300,Mamaearth Skincare Product,Mamaearth,Skincare,1493,1119.75,25,3.8,1600.0,,2025,3377,5041861,1914,7,Out of Stock
301,Mamaearth Skincare Product,Mamaearth,Skincare,499,399.2,20,3.7,1857.0,,2025,3444,1718556,1277,1,Out of Stock
302,Minimalist Haircare Product,Minimalist,Haircare,693,519.75,25,3.8,1925.0,,2024,177,122661,54,7,In Stock
303,L'Oreal Makeup Product,L'Oreal,Makeup,492,344.4,30,3.8,2464.0,,2025,2115,1040580,1080,1,In Stock
304,Nykaa Haircare Product,Nykaa,Haircare,707,530.25,25,3.5,1819.0,Combination,2025,1866,1319262,835,1,In Stock
305,Dove Haircare Product,Dove,Haircare,1008,856.8,15,4.1,1800.0,,2025,619,623952,336,4,In Stock
306,L'Oreal Haircare Product,L'Oreal,Haircare,503,402.4,20,3.6,1874.0,,2024,1945,978335,1144,4,In Stock
307,Dove Haircare Product,Dove,Haircare,314,235.5,25,3.9,1757.0,,2025,2783,873862,895,5,In Stock
308,Himalaya Haircare Product,Himalaya,Haircare,291,203.7,30,3.6,1840.0,,2024,3913,1138683,1414,2,Out of Stock
309,Nykaa Makeup Product,Nykaa,Makeup,293,249.05,15,3.6,1395.0,All,2024,4771,1397903,2763,3,Out of Stock
310,L'Oreal Makeup Product,L'Oreal,Makeup,486,437.4,10,,1569.0,,2025,4064,1975104,1916,3,Out of Stock
311,Nivea Makeup Product,Nivea,Makeup,502,401.6,20,3.8,2027.0,,2024,2951,1481402,1961,3,In Stock
312,Nykaa Haircare Product,Nykaa,Haircare,296,236.8,20,3.5,2343.0,All,2025,1736,513856,1086,1,In Stock
313,Mamaearth Haircare Product,Mamaearth,Haircare,483,434.7,10,3.9,1904.0,,2024,3059,1477497,2211,4,Out of Stock
314,Lakme Skincare Product,Lakme,Skincare,1495,1046.5,30,4.5,2387.0,,2025,204,304980,131,2,In Stock
315,Nivea Skincare Product,Nivea,Skincare,688,619.2,10,4.1,1314.0,,2024,2587,1779856,1332,1,In Stock
316,Himalaya Skincare Product,Himalaya,Skincare,280,224.0,20,4.0,2076.0,,2025,1459,408520,928,7,In Stock
317,Nivea Haircare Product,Nivea,Haircare,517,465.3,10,3.9,2268.0,,2025,4107,2123319,1797,4,Out of Stock
318,Lakme Makeup Product,Lakme,Makeup,1514,1059.8,30,4.0,1586.0,,2024,834,1262676,377,4,In Stock
319,Nivea Makeup Product,Nivea,Makeup,317,237.75,25,,1715.0,,2024,3225,1022325,2239,6,Out of Stock
320,Nivea Skincare Product,Nivea,Skincare,983,737.25,25,4.0,1333.0,,2025,4391,4316353,2297,6,Out of Stock
321,Maybelline Skincare Product,Maybelline,Skincare,481,360.75,25,3.5,1329.0,,2025,2856,1373736,1996,2,In Stock
322,Dove Makeup Product,Dove,Makeup,501,375.75,25,3.9,2363.0,,2025,587,294087,417,7,In Stock
323,Himalaya Haircare Product,Himalaya,Haircare,501,375.75,25,3.8,1555.0,,2025,1891,947391,1378,2,In Stock
324,Lakme Makeup Product,Lakme,Makeup,983,688.1,30,4.3,2068.0,,2025,2505,2462415,1899,2,In Stock
325,Maybelline Skincare Product,Maybelline,Skincare,508,457.2,10,3.3,1510.0,,2024,574,291592,295,1,In Stock
326,Maybelline Haircare Product,Maybelline,Haircare,1018,712.6,30,4.2,2069.0,,2025,3000,3054000,1378,5,In Stock
327,Mamaearth Makeup Product,Mamaearth,Makeup,308,215.6,30,3.6,1601.0,,2025,4181,1287748,2471,2,Out of Stock
328,Lakme Skincare Product,Lakme,Skincare,294,220.5,25,3.8,2047.0,,2024,4830,1420020,2345,6,Out of Stock
329,Dove Haircare Product,Dove,Haircare,1011,859.35,15,3.8,1298.0,,2024,4165,4210815,2501,5,Out of Stock
330,Himalaya Haircare Product,Himalaya,Haircare,505,454.5,10,3.4,1832.0,,2025,2418,1221090,1578,1,In Stock
331,Maybelline Makeup Product,Maybelline,Makeup,1001,850.85,15,4.1,2567.0,,2024,3897,3900897,2510,5,Out of Stock
332,Lakme Haircare Product,Lakme,Haircare,700,560.0,20,4.2,2407.0,,2025,4545,3181500,2214,3,Out of Stock
333,L'Oreal Haircare Product,L'Oreal,Haircare,990,891.0,10,4.0,1770.0,,2024,2751,2723490,1054,7,In Stock
334,Dove Haircare Product,Dove,Haircare,708,601.8,15,3.9,1876.0,,2024,1021,722868,526,5,In Stock
335,Minimalist Makeup Product,Minimalist,Makeup,992,892.8,10,3.9,1616.0,,2024,1216,1206272,451,2,In Stock
336,Nykaa Skincare Product,Nykaa,Skincare,996,846.6,15,4.0,1859.0,Oily,2024,4979,4959084,3709,1,Out of Stock
337,Lakme Haircare Product,Lakme,Haircare,314,282.6,10,,1947.0,,2025,2824,886736,1335,7,In Stock
338,Minimalist Haircare Product,Minimalist,Haircare,1481,1184.8,20,4.0,1708.0,,2024,2032,3009392,766,2,In Stock
339,Mamaearth Skincare Product,Mamaearth,Skincare,1512,1058.4,30,4.3,2018.0,,2024,903,1365336,282,7,In Stock
340,Nykaa Makeup Product,Nykaa,Makeup,991,743.25,25,3.8,1716.0,Combination,2025,4196,4158236,2613,6,Out of Stock
341,Dove Makeup Product,Dove,Makeup,1480,1110.0,25,4.0,1331.0,,2025,3786,5603280,2341,3,Out of Stock
342,Mamaearth Makeup Product,Mamaearth,Makeup,1497,1272.45,15,4.1,1801.0,,2025,3819,5717043,1796,6,Out of Stock
343,L'Oreal Makeup Product,L'Oreal,Makeup,709,638.1,10,3.6,1641.0,,2024,624,442416,209,2,In Stock
344,Nivea Makeup Product,Nivea,Makeup,1487,1115.25,25,4.1,1729.0,,2025,3311,4923457,1671,2,Out of Stock
345,Nivea Haircare Product,Nivea,Haircare,1011,758.25,25,3.8,1947.0,,2025,1198,1211178,545,2,In Stock
346,Minimalist Makeup Product,Minimalist,Makeup,1517,1137.75,25,4.4,1434.0,,2025,1765,2677505,1127,4,In Stock
347,Nykaa Haircare Product,Nykaa,Haircare,1016,863.6,15,3.7,1672.0,Oily,2024,4827,4904232,2910,3,Out of Stock
348,Lakme Haircare Product,Lakme,Haircare,706,494.2,30,3.9,1749.0,,2025,4983,3517998,2403,7,Out of Stock
349,Dove Makeup Product,Dove,Makeup,505,353.5,30,3.6,1837.0,,2024,3904,1971520,1596,2,Out of Stock
350,Himalaya Skincare Product,Himalaya,Skincare,1479,1035.3,30,4.2,2013.0,,2024,2541,3758139,2017,2,In Stock
351,Nykaa Makeup Product,Nykaa,Makeup,689,482.3,30,3.6,1707.0,Dry,2025,2710,1867190,1428,7,In Stock
352,Himalaya Skincare Product,Himalaya,Skincare,996,796.8,20,3.7,1255.0,,2025,3174,3161304,2044,6,Out of Stock
353,Lakme Makeup Product,Lakme,Makeup,499,424.15,15,3.6,2031.0,,2025,3101,1547399,1148,6,Out of Stock
354,Himalaya Makeup Product,Himalaya,Makeup,280,210.0,25,3.6,1606.0,,2024,54,15120,29,2,In Stock
355,Minimalist Haircare Product,Minimalist,Haircare,518,362.6,30,3.8,2153.0,,2024,4919,2548042,1543,1,Out of Stock
356,Maybelline Skincare Product,Maybelline,Skincare,700,630.0,10,3.7,1790.0,,2024,926,648200,511,4,In Stock
357,Nykaa Makeup Product,Nykaa,Makeup,1497,1047.9,30,,2376.0,Oily,2025,1041,1558377,814,6,In Stock
358,Himalaya Skincare Product,Himalaya,Skincare,1486,1040.2,30,4.5,2072.0,,2025,4192,6229312,2062,1,Out of Stock
359,Dove Skincare Product,Dove,Skincare,702,631.8,10,3.6,1428.0,,2024,4414,3098628,1410,4,Out of Stock
360,Minimalist Skincare Product,Minimalist,Skincare,693,554.4,20,3.6,1880.0,,2024,4515,3128895,1424,2,Out of Stock
361,L'Oreal Haircare Product,L'Oreal,Haircare,683,478.1,30,4.1,2035.0,,2024,685,467855,338,3,In Stock
362,Minimalist Skincare Product,Minimalist,Skincare,516,387.0,25,3.8,1833.0,,2025,1743,899388,662,5,In Stock
363,Himalaya Makeup Product,Himalaya,Makeup,287,243.95,15,3.5,1435.0,,2024,1732,497084,539,5,In Stock
364,Maybelline Skincare Product,Maybelline,Skincare,303,257.55,15,3.8,1744.0,,2024,4802,1455006,3256,2,Out of Stock
365,Minimalist Makeup Product,Minimalist,Makeup,499,374.25,25,4.0,2339.0,,2025,169,84331,89,6,In Stock
366,Maybelline Skincare Product,Maybelline,Skincare,1012,809.6,20,3.8,1820.0,,2025,880,890560,391,1,In Stock
367,Biotique Haircare Product,Biotique,Haircare,692,519.0,25,3.6,1609.0,,2025,3725,2577700,2793,3,Out of Stock
368,Mamaearth Makeup Product,Mamaearth,Makeup,1008,756.0,25,4.0,1716.0,,2024,1419,1430352,508,7,In Stock
369,L'Oreal Haircare Product,L'Oreal,Haircare,299,239.2,20,3.4,2020.0,,2024,790,236210,614,4,In Stock
370,Himalaya Makeup Product,Himalaya,Makeup,290,261.0,10,4.1,2026.0,,2025,166,48140,75,2,In Stock
371,Biotique Haircare Product,Biotique,Haircare,1486,1114.5,25,4.2,1730.0,,2025,2888,4291568,2149,3,In Stock
372,Dove Skincare Product,Dove,Skincare,703,527.25,25,3.9,1584.0,,2025,1200,843600,721,3,In Stock
373,Himalaya Skincare Product,Himalaya,Skincare,709,567.2,20,3.8,1477.0,,2024,1981,1404529,1413,6,In Stock
374,Himalaya Haircare Product,Himalaya,Haircare,715,500.5,30,4.0,2230.0,,2024,1062,759330,841,4,In Stock
375,Dove Makeup Product,Dove,Makeup,701,490.7,30,3.9,1523.0,,2024,1714,1201514,761,3,In Stock
376,L'Oreal Haircare Product,L'Oreal,Haircare,315,267.75,15,3.9,1854.0,,2024,1131,356265,882,6,In Stock
377,Nivea Skincare Product,Nivea,Skincare,983,786.4,20,,1713.0,,2025,4779,4697757,2364,1,Out of Stock
378,Lakme Haircare Product,Lakme,Haircare,703,597.55,15,4.0,1975.0,,2024,562,395086,276,6,In Stock
379,Biotique Skincare Product,Biotique,Skincare,705,599.25,15,4.1,1637.0,,2024,2899,2043795,1363,1,In Stock
380,Nykaa Haircare Product,Nykaa,Haircare,1014,861.9,15,3.9,1974.0,Dry,2025,609,617526,347,1,In Stock
381,Lakme Makeup Product,Lakme,Makeup,498,398.4,20,,1922.0,,2025,3722,1853556,1403,7,Out of Stock
382,L'Oreal Makeup Product,L'Oreal,Makeup,715,607.75,15,3.7,1111.0,,2024,4633,3312595,2672,7,Out of Stock
383,Lakme Haircare Product,Lakme,Haircare,988,790.4,20,4.1,1557.0,,2025,3393,3352284,1936,3,Out of Stock
384,Biotique Makeup Product,Biotique,Makeup,1488,1116.0,25,4.2,,,2025,4120,6130560,2805,6,Out of Stock
385,Lakme Skincare Product,Lakme,Skincare,285,213.75,25,4.0,1824.0,,2024,4849,1381965,3475,7,Out of Stock
386,Lakme Makeup Product,Lakme,Makeup,1494,1269.9,15,,2485.0,,2025,1520,2270880,790,1,In Stock
387,Biotique Skincare Product,Biotique,Skincare,508,431.8,15,3.7,1759.0,,2024,630,320040,284,7,In Stock
388,Biotique Haircare Product,Biotique,Haircare,697,487.9,30,4.0,,,2024,2344,1633768,1007,4,In Stock
389,Himalaya Skincare Product,Himalaya,Skincare,714,642.6,10,3.7,1699.0,,2025,3197,2282658,1270,3,Out of Stock
390,Mamaearth Haircare Product,Mamaearth,Haircare,1006,804.8,20,,2104.0,,2025,4299,4324794,1413,6,Out of Stock
391,Himalaya Makeup Product,Himalaya,Makeup,1511,1359.9,10,4.2,2521.0,,2025,1729,2612519,814,6,In Stock
392,Maybelline Haircare Product,Maybelline,Haircare,693,519.75,25,4.1,1238.0,,2024,3556,2464308,1547,5,Out of Stock
393,L'Oreal Haircare Product,L'Oreal,Haircare,1488,1264.8,15,4.3,1603.0,,2025,2794,4157472,2188,6,In Stock
394,Mamaearth Makeup Product,Mamaearth,Makeup,1484,1335.6,10,4.1,1429.0,,2024,3406,5054504,1971,3,Out of Stock
395,Maybelline Skincare Product,Maybelline,Skincare,1498,1348.2,10,4.4,1849.0,,2024,4095,6134310,1939,4,Out of Stock
396,Lakme Makeup Product,Lakme,Makeup,984,836.4,15,4.0,1686.0,,2025,1293,1272312,763,6,In Stock
397,Minimalist Skincare Product,Minimalist,Skincare,513,461.7,10,3.7,1440.0,,2024,3168,1625184,1170,5,Out of Stock
398,Biotique Skincare Product,Biotique,Skincare,1002,901.8,10,4.0,1738.0,,2024,2191,2195382,1143,3,In Stock
399,Himalaya Makeup Product,Himalaya,Makeup,985,788.0,20,4.2,1632.0,,2025,3109,3062365,1906,1,Out of Stock
400,Minimalist Skincare Product,Minimalist,Skincare,494,419.9,15,3.7,1954.0,,2024,4598,2271412,2503,2,Out of Stock
401,Minimalist Haircare Product,Minimalist,Haircare,314,251.2,20,3.7,1400.0,,2024,3009,944826,1507,2,Out of Stock
402,Biotique Haircare Product,Biotique,Haircare,305,259.25,15,3.7,2246.0,,2025,2315,706075,1844,1,In Stock
403,L'Oreal Makeup Product,L'Oreal,Makeup,1504,1128.0,25,4.4,2256.0,,2024,2529,3803616,1871,7,In Stock
404,L'Oreal Skincare Product,L'Oreal,Skincare,1499,1274.15,15,4.3,1649.0,,2024,4696,7039304,2872,6,Out of Stock
405,Lakme Skincare Product,Lakme,Skincare,1502,1351.8,10,4.3,1849.0,,2024,1685,2530870,985,2,In Stock
406,Biotique Skincare Product,Biotique,Skincare,1011,859.35,15,3.9,2268.0,,2025,1807,1826877,1102,7,In Stock
407,Maybelline Skincare Product,Maybelline,Skincare,285,256.5,10,3.4,1698.0,,2024,4502,1283070,1803,2,Out of Stock
408,Maybelline Makeup Product,Maybelline,Makeup,506,430.1,15,4.0,1862.0,,2025,2120,1072720,1054,1,In Stock
409,Mamaearth Skincare Product,Mamaearth,Skincare,295,250.75,15,3.6,1471.0,,2025,2899,855205,926,6,In Stock
410,Nykaa Skincare Product,Nykaa,Skincare,288,201.6,30,3.7,1474.0,All,2024,3301,950688,1775,6,Out of Stock
411,L'Oreal Skincare Product,L'Oreal,Skincare,280,238.0,15,3.2,1337.0,,2025,3780,1058400,2160,7,Out of Stock
412,L'Oreal Haircare Product,L'Oreal,Haircare,1517,1137.75,25,4.3,1641.0,,2025,2539,3851663,1050,1,In Stock
413,Biotique Haircare Product,Biotique,Haircare,988,790.4,20,3.9,,,2024,1681,1660828,1314,7,In Stock
414,Lakme Makeup Product,Lakme,Makeup,1004,753.0,25,4.0,2287.0,,2024,2866,2877464,2163,6,In Stock
415,Himalaya Makeup Product,Himalaya,Makeup,1493,1119.75,25,4.2,1993.0,,2025,1065,1590045,704,6,In Stock
416,Mamaearth Makeup Product,Mamaearth,Makeup,318,270.3,15,3.7,2216.0,,2025,1398,444564,792,3,In Stock
417,Nykaa Skincare Product,Nykaa,Skincare,503,402.4,20,3.8,2024.0,All,2025,4661,2344483,3425,7,Out of Stock
418,Mamaearth Skincare Product,Mamaearth,Skincare,1013,759.75,25,3.6,1408.0,,2025,3137,3177781,1146,3,Out of Stock
419,Dove Makeup Product,Dove,Makeup,697,487.9,30,3.5,1760.0,,2025,2889,2013633,2008,1,In Stock
420,Mamaearth Skincare Product,Mamaearth,Skincare,1014,709.8,30,4.2,2001.0,,2024,385,390390,139,4,In Stock
421,Nykaa Skincare Product,Nykaa,Skincare,498,373.5,25,3.8,1424.0,All,2025,4642,2311716,3235,2,Out of Stock
422,Minimalist Makeup Product,Minimalist,Makeup,1481,1184.8,20,4.2,1718.0,,2025,945,1399545,413,3,In Stock
423,Dove Haircare Product,Dove,Haircare,1510,1132.5,25,4.1,2103.0,,2025,3596,5429960,2655,2,Out of Stock
424,Mamaearth Skincare Product,Mamaearth,Skincare,710,639.0,10,3.9,2203.0,,2025,901,639710,695,5,In Stock
425,Maybelline Haircare Product,Maybelline,Haircare,299,209.3,30,,1508.0,,2025,1737,519363,650,1,In Stock
426,Himalaya Haircare Product,Himalaya,Haircare,711,533.25,25,4.0,1897.0,,2024,1981,1408491,1052,4,In Stock
427,Minimalist Skincare Product,Minimalist,Skincare,1513,1059.1,30,4.0,1497.0,,2024,3796,5743348,3000,5,Out of Stock
428,Maybelline Skincare Product,Maybelline,Skincare,484,387.2,20,3.8,1979.0,,2024,2477,1198868,1341,5,In Stock
429,Nivea Skincare Product,Nivea,Skincare,299,254.15,15,3.7,1773.0,,2025,1618,483782,1184,6,In Stock
430,Mamaearth Haircare Product,Mamaearth,Haircare,499,374.25,25,3.6,1596.0,,2025,4050,2020950,2407,5,Out of Stock
431,Maybelline Skincare Product,Maybelline,Skincare,296,251.6,15,,2284.0,,2024,2788,825248,1359,1,In Stock
432,Himalaya Haircare Product,Himalaya,Haircare,283,212.25,25,3.7,1732.0,,2025,3548,1004084,1571,3,Out of Stock
433,Nykaa Skincare Product,Nykaa,Skincare,711,533.25,25,,1849.0,Combination,2024,3963,2817693,1591,1,Out of Stock
434,L'Oreal Skincare Product,L'Oreal,Skincare,718,538.5,25,3.7,1891.0,,2024,1116,801288,759,3,In Stock
435,Mamaearth Makeup Product,Mamaearth,Makeup,979,783.2,20,4.0,2381.0,,2025,4430,4336970,2185,5,Out of Stock
436,Minimalist Skincare Product,Minimalist,Skincare,1513,1361.7,10,4.5,1504.0,,2025,2494,3773422,1385,5,In Stock
437,Lakme Haircare Product,Lakme,Haircare,990,891.0,10,4.1,2020.0,,2025,4157,4115430,2270,4,Out of Stock
438,Lakme Skincare Product,Lakme,Skincare,1493,1269.05,15,4.4,1983.0,,2025,3423,5110539,2014,3,Out of Stock
439,Nykaa Skincare Product,Nykaa,Skincare,701,560.8,20,,1467.0,Dry,2024,4019,2817319,2945,5,Out of Stock
440,Lakme Haircare Product,Lakme,Haircare,986,788.8,20,,1746.0,,2024,2596,2559656,2051,6,In Stock
441,Minimalist Makeup Product,Minimalist,Makeup,698,628.2,10,3.8,1886.0,,2024,803,560494,404,2,In Stock
442,Mamaearth Makeup Product,Mamaearth,Makeup,297,237.6,20,3.8,2025.0,,2024,2132,633204,1521,4,In Stock
443,Lakme Skincare Product,Lakme,Skincare,998,698.6,30,4.2,1681.0,,2024,2824,2818352,1926,1,In Stock
444,Lakme Skincare Product,Lakme,Skincare,997,747.75,25,4.1,,,2025,2946,2937162,1728,4,In Stock
445,Maybelline Haircare Product,Maybelline,Haircare,1514,1362.6,10,,1691.0,,2024,4235,6411790,3294,2,Out of Stock
446,Himalaya Skincare Product,Himalaya,Skincare,713,641.7,10,4.1,1560.0,,2024,825,588225,330,3,In Stock
447,Minimalist Skincare Product,Minimalist,Skincare,982,736.5,25,4.1,2089.0,,2024,1675,1644850,594,1,In Stock
448,Nivea Haircare Product,Nivea,Haircare,294,205.8,30,3.5,1938.0,,2024,3119,916986,2267,1,Out of Stock
449,Lakme Makeup Product,Lakme,Makeup,1013,810.4,20,3.9,1790.0,,2024,467,473071,242,3,In Stock
450,Minimalist Skincare Product,Minimalist,Skincare,1015,812.0,20,4.4,1854.0,,2024,164,166460,118,7,In Stock
451,L'Oreal Makeup Product,L'Oreal,Makeup,287,215.25,25,3.5,1772.0,,2024,666,191142,497,7,In Stock
452,Nivea Makeup Product,Nivea,Makeup,993,893.7,10,,1619.0,,2025,4024,3995832,1332,4,Out of Stock
453,Dove Haircare Product,Dove,Haircare,1516,1137.0,25,4.4,2239.0,,2024,3317,5028572,2460,5,Out of Stock
454,Mamaearth Skincare Product,Mamaearth,Skincare,1006,754.5,25,4.0,1079.0,,2024,875,880250,458,7,In Stock
455,L'Oreal Makeup Product,L'Oreal,Makeup,980,833.0,15,,1814.0,,2024,1566,1534680,869,4,In Stock
456,Maybelline Skincare Product,Maybelline,Skincare,296,266.4,10,3.7,1599.0,,2025,3196,946016,1960,7,Out of Stock
457,Lakme Haircare Product,Lakme,Haircare,686,548.8,20,3.8,1139.0,,2025,462,316932,352,2,In Stock
458,L'Oreal Haircare Product,L'Oreal,Haircare,698,628.2,10,3.8,1762.0,,2024,778,543044,240,6,In Stock
459,Biotique Haircare Product,Biotique,Haircare,286,228.8,20,3.5,1932.0,,2025,3398,971828,1829,5,Out of Stock
460,Lakme Makeup Product,Lakme,Makeup,1487,1040.9,30,4.4,1707.0,,2025,2858,4249846,1840,4,In Stock
461,Lakme Skincare Product,Lakme,Skincare,1517,1365.3,10,4.2,1662.0,,2024,725,1099825,479,6,In Stock
462,Biotique Skincare Product,Biotique,Skincare,1479,1109.25,25,4.4,1984.0,,2025,3515,5198685,2271,6,Out of Stock
463,Maybelline Skincare Product,Maybelline,Skincare,1490,1043.0,30,4.4,1717.0,,2024,2554,3805460,937,7,In Stock
464,L'Oreal Makeup Product,L'Oreal,Makeup,983,884.7,10,3.9,1824.0,,2024,3017,2965711,1356,3,Out of Stock
465,Himalaya Haircare Product,Himalaya,Haircare,1501,1350.9,10,4.6,2189.0,,2025,2836,4256836,1359,2,In Stock
466,Minimalist Haircare Product,Minimalist,Haircare,482,433.8,10,3.3,1444.0,,2025,1172,564904,823,2,In Stock
467,Biotique Skincare Product,Biotique,Skincare,706,529.5,25,3.8,,,2025,4129,2915074,1814,2,Out of Stock
468,Mamaearth Skincare Product,Mamaearth,Skincare,693,623.7,10,3.9,1912.0,,2024,1621,1123353,657,5,In Stock
469,Himalaya Makeup Product,Himalaya,Makeup,288,244.8,15,3.7,2014.0,,2024,2193,631584,1707,1,In Stock
470,Himalaya Skincare Product,Himalaya,Skincare,487,438.3,10,3.7,1644.0,,2024,1737,845919,528,5,In Stock
471,Maybelline Makeup Product,Maybelline,Makeup,680,476.0,30,3.9,1556.0,,2024,4182,2843760,3341,4,Out of Stock
472,Mamaearth Skincare Product,Mamaearth,Skincare,495,445.5,10,3.4,1486.0,,2025,3901,1930995,2490,6,Out of Stock
473,Nivea Haircare Product,Nivea,Haircare,293,249.05,15,3.6,1274.0,,2024,3490,1022570,2492,6,Out of Stock
474,Dove Haircare Product,Dove,Haircare,316,237.0,25,3.9,1679.0,,2024,3816,1205856,1706,1,Out of Stock
475,Nykaa Skincare Product,Nykaa,Skincare,1013,709.1,30,3.8,1431.0,All,2025,2376,2406888,729,4,In Stock
476,Lakme Makeup Product,Lakme,Makeup,508,381.0,25,3.6,1321.0,,2024,2964,1505712,1982,1,In Stock
477,Biotique Skincare Product,Biotique,Skincare,706,529.5,25,3.8,2003.0,,2024,4002,2825412,2869,6,Out of Stock
478,Himalaya Skincare Product,Himalaya,Skincare,710,603.5,15,3.8,1737.0,,2025,645,457950,432,7,In Stock
479,Nivea Haircare Product,Nivea,Haircare,1011,859.35,15,4.0,1435.0,,2025,778,786558,288,5,In Stock
480,L'Oreal Makeup Product,L'Oreal,Makeup,1015,913.5,10,3.8,1630.0,,2025,1415,1436225,957,2,In Stock
481,Dove Skincare Product,Dove,Skincare,1488,1116.0,25,4.5,1750.0,,2024,4542,6758496,3108,6,Out of Stock
482,Lakme Skincare Product,Lakme,Skincare,716,501.2,30,4.1,1853.0,,2025,748,535568,470,3,In Stock
483,Dove Makeup Product,Dove,Makeup,1016,914.4,10,4.0,1925.0,,2024,445,452120,303,2,In Stock
484,Biotique Skincare Product,Biotique,Skincare,1482,1259.7,15,,1691.0,,2024,4221,6255522,3051,6,Out of Stock
485,Nykaa Makeup Product,Nykaa,Makeup,484,387.2,20,,1386.0,All,2025,4410,2134440,2675,5,Out of Stock
486,Lakme Makeup Product,Lakme,Makeup,515,437.75,15,3.9,1679.0,,2024,2552,1314280,878,1,In Stock
487,L'Oreal Makeup Product,L'Oreal,Makeup,996,747.0,25,3.8,1788.0,,2025,1869,1861524,1016,7,In Stock
488,Biotique Skincare Product,Biotique,Skincare,695,486.5,30,3.8,1879.0,,2024,767,533065,259,7,In Stock
489,Dove Makeup Product,Dove,Makeup,1512,1058.4,30,4.4,2030.0,,2025,2832,4281984,1426,2,In Stock
490,Dove Skincare Product,Dove,Skincare,681,578.85,15,,2034.0,,2025,4996,3402276,2515,5,Out of Stock
491,Lakme Skincare Product,Lakme,Skincare,499,374.25,25,3.9,1627.0,,2024,3627,1809873,1207,7,Out of Stock
492,Mamaearth Haircare Product,Mamaearth,Haircare,979,734.25,25,,1712.0,,2025,193,188947,91,7,In Stock
493,Himalaya Makeup Product,Himalaya,Makeup,995,796.0,20,4.1,2089.0,,2024,3190,3174050,1134,4,Out of Stock
494,Himalaya Skincare Product,Himalaya,Skincare,302,256.7,15,4.0,1713.0,,2024,4541,1371382,3197,3,Out of Stock
495,Lakme Haircare Product,Lakme,Haircare,983,884.7,10,4.1,1901.0,,2024,2988,2937204,2312,2,In Stock
496,Himalaya Skincare Product,Himalaya,Skincare,712,569.6,20,3.7,1110.0,,2024,3686,2624432,1239,1,Out of Stock
497,Mamaearth Haircare Product,Mamaearth,Haircare,1489,1116.75,25,4.3,1741.0,,2024,3272,4872008,2544,7,Out of Stock
498,Nykaa Makeup Product,Nykaa,Makeup,290,261.0,10,3.6,1916.0,All,2025,1217,352930,683,4,In Stock
499,Nykaa Makeup Product,Nykaa,Makeup,1010,858.5,15,4.7,1566.0,All,2024,2666,2692660,1199,5,In Stock
500,Dove Skincare Product,Dove,Skincare,689,620.1,10,4.1,1570.0,,2024,1112,766168,376,7,In Stock
501,Himalaya Makeup Product,Himalaya,Makeup,1492,1193.6,20,4.5,1798.0,,2024,2206,3291352,1213,3,In Stock
502,Nivea Haircare Product,Nivea,Haircare,985,689.5,30,4.0,1797.0,,2024,3032,2986520,2114,1,Out of Stock
503,L'Oreal Haircare Product,L'Oreal,Haircare,995,895.5,10,4.1,937.0,,2024,3344,3327280,2185,5,Out of Stock
504,Maybelline Makeup Product,Maybelline,Makeup,1509,1282.65,15,,,,2025,4779,7211511,1553,5,Out of Stock
505,Nivea Makeup Product,Nivea,Makeup,681,578.85,15,,1535.0,,2024,1206,821286,405,2,In Stock
506,Biotique Makeup Product,Biotique,Makeup,980,882.0,10,3.8,1554.0,,2024,782,766360,392,7,In Stock
507,Mamaearth Haircare Product,Mamaearth,Haircare,308,246.4,20,,,,2024,4380,1349040,1960,2,Out of Stock
508,Himalaya Haircare Product,Himalaya,Haircare,679,509.25,25,,1994.0,,2024,4896,3324384,2037,1,Out of Stock
509,Minimalist Skincare Product,Minimalist,Skincare,1491,1043.7,30,4.3,,,2025,1003,1495473,441,7,In Stock
510,Lakme Skincare Product,Lakme,Skincare,314,251.2,20,3.5,1763.0,,2025,2589,812946,1816,6,In Stock
511,Minimalist Haircare Product,Minimalist,Haircare,312,234.0,25,3.5,1656.0,,2024,3374,1052688,2579,7,Out of Stock
512,L'Oreal Haircare Product,L'Oreal,Haircare,686,548.8,20,4.1,2384.0,,2024,3351,2298786,1684,6,Out of Stock
513,Biotique Makeup Product,Biotique,Makeup,497,397.6,20,3.8,1997.0,,2024,1592,791224,1198,5,In Stock
514,Nykaa Skincare Product,Nykaa,Skincare,312,265.2,15,3.6,1234.0,Oily,2024,1241,387192,571,2,In Stock
515,Nykaa Haircare Product,Nykaa,Haircare,480,408.0,15,3.4,1451.0,Oily,2024,3043,1460640,1637,3,Out of Stock
516,Nykaa Skincare Product,Nykaa,Skincare,1012,809.6,20,4.2,1781.0,Oily,2025,2731,2763772,1127,7,In Stock
517,Dove Skincare Product,Dove,Skincare,1517,1061.9,30,4.3,2220.0,,2024,1267,1922039,785,3,In Stock
518,Maybelline Haircare Product,Maybelline,Haircare,1491,1043.7,30,4.2,1425.0,,2025,1590,2370690,1255,7,In Stock
519,Biotique Skincare Product,Biotique,Skincare,300,270.0,10,3.8,1881.0,,2025,3286,985800,1977,5,Out of Stock
520,Nivea Haircare Product,Nivea,Haircare,488,366.0,25,3.6,1776.0,,2024,2436,1188768,1166,2,In Stock
521,Lakme Haircare Product,Lakme,Haircare,492,418.2,15,3.9,1947.0,,2025,3769,1854348,2351,1,Out of Stock
522,L'Oreal Skincare Product,L'Oreal,Skincare,991,792.8,20,3.8,2026.0,,2025,1438,1425058,519,1,In Stock
523,Himalaya Skincare Product,Himalaya,Skincare,496,421.6,15,3.6,2000.0,,2025,1906,945376,1418,1,In Stock
524,Himalaya Skincare Product,Himalaya,Skincare,293,263.7,10,3.6,1717.0,,2025,1415,414595,780,7,In Stock
525,Nykaa Haircare Product,Nykaa,Haircare,496,446.4,10,3.6,2057.0,All,2025,549,272304,288,7,In Stock
526,Himalaya Makeup Product,Himalaya,Makeup,679,543.2,20,4.0,,,2025,1730,1174670,1025,3,In Stock
527,Nivea Haircare Product,Nivea,Haircare,982,736.5,25,3.6,1363.0,,2024,560,549920,342,2,In Stock
528,Nivea Makeup Product,Nivea,Makeup,1015,913.5,10,4.0,2394.0,,2024,4362,4427430,1465,7,Out of Stock
529,Nivea Skincare Product,Nivea,Skincare,305,274.5,10,3.8,1515.0,,2025,1374,419070,881,2,In Stock
530,Dove Makeup Product,Dove,Makeup,1515,1363.5,10,,1701.0,,2024,1205,1825575,507,3,In Stock
531,Nykaa Skincare Product,Nykaa,Skincare,1003,902.7,10,4.0,1714.0,All,2025,1877,1882631,1233,7,In Stock
532,Dove Haircare Product,Dove,Haircare,1015,862.75,15,4.0,1508.0,,2024,3191,3238865,2269,1,Out of Stock
533,Minimalist Makeup Product,Minimalist,Makeup,1013,861.05,15,4.3,2049.0,,2024,3536,3581968,2482,1,Out of Stock
534,Dove Haircare Product,Dove,Haircare,285,256.5,10,3.7,1342.0,,2024,1860,530100,1071,5,In Stock
535,Lakme Makeup Product,Lakme,Makeup,1009,857.65,15,4.1,1478.0,,2025,2973,2999757,1665,6,In Stock
536,Nykaa Skincare Product,Nykaa,Skincare,700,630.0,10,4.0,2026.0,All,2025,2264,1584800,840,4,In Stock
537,Maybelline Skincare Product,Maybelline,Skincare,1512,1360.8,10,4.3,1589.0,,2024,4236,6404832,2912,6,Out of Stock
538,Lakme Haircare Product,Lakme,Haircare,481,360.75,25,3.7,2329.0,,2024,763,367003,332,7,In Stock
539,Nivea Skincare Product,Nivea,Skincare,314,219.8,30,3.5,1276.0,,2024,3652,1146728,2002,2,Out of Stock
540,Maybelline Makeup Product,Maybelline,Makeup,288,201.6,30,3.8,1606.0,,2025,4184,1204992,1849,7,Out of Stock
541,Biotique Makeup Product,Biotique,Makeup,1515,1287.75,15,4.2,1048.0,,2025,3572,5411580,1310,2,Out of Stock
542,Dove Skincare Product,Dove,Skincare,290,217.5,25,3.6,1641.0,,2025,4318,1252220,2654,2,Out of Stock
543,Himalaya Skincare Product,Himalaya,Skincare,1004,903.6,10,4.2,1622.0,,2024,4798,4817192,1569,6,Out of Stock
544,Maybelline Makeup Product,Maybelline,Makeup,318,238.5,25,3.6,,,2025,4899,1557882,3303,4,Out of Stock
545,L'Oreal Makeup Product,L'Oreal,Makeup,1503,1352.7,10,4.1,2039.0,,2024,1293,1943379,593,5,In Stock
546,Nykaa Skincare Product,Nykaa,Skincare,290,232.0,20,3.8,2357.0,Oily,2024,3759,1090110,1127,6,Out of Stock
547,Mamaearth Skincare Product,Mamaearth,Skincare,987,789.6,20,4.1,2165.0,,2024,1131,1116297,628,4,In Stock
548,Nykaa Skincare Product,Nykaa,Skincare,1500,1200.0,20,4.2,1786.0,Oily,2024,505,757500,163,1,In Stock
549,Biotique Haircare Product,Biotique,Haircare,307,260.95,15,3.5,2422.0,,2024,4974,1527018,2179,1,Out of Stock
550,Mamaearth Skincare Product,Mamaearth,Skincare,1001,750.75,25,4.0,1869.0,,2025,944,944944,616,2,In Stock
551,Nivea Makeup Product,Nivea,Makeup,1000,900.0,10,4.1,1560.0,,2025,1434,1434000,475,3,In Stock
552,L'Oreal Skincare Product,L'Oreal,Skincare,504,453.6,10,3.8,2183.0,,2025,2008,1012032,1445,7,In Stock
553,Nykaa Skincare Product,Nykaa,Skincare,691,483.7,30,4.0,1818.0,Combination,2024,3122,2157302,942,7,Out of Stock
554,Lakme Makeup Product,Lakme,Makeup,989,791.2,20,4.2,1570.0,,2024,2046,2023494,866,2,In Stock
555,Dove Haircare Product,Dove,Haircare,309,278.1,10,3.9,2114.0,,2025,4335,1339515,2906,3,Out of Stock
556,L'Oreal Skincare Product,L'Oreal,Skincare,483,362.25,25,3.6,2346.0,,2025,554,267582,253,4,In Stock
557,Lakme Makeup Product,Lakme,Makeup,316,252.8,20,3.5,2075.0,,2024,1264,399424,443,1,In Stock
558,Himalaya Skincare Product,Himalaya,Skincare,499,349.3,30,3.9,1835.0,,2025,1581,788919,759,7,In Stock
559,Lakme Skincare Product,Lakme,Skincare,492,418.2,15,3.7,1345.0,,2024,3490,1717080,1518,6,Out of Stock
560,Mamaearth Makeup Product,Mamaearth,Makeup,708,495.6,30,4.0,1786.0,,2025,873,618084,629,3,In Stock
561,Nykaa Skincare Product,Nykaa,Skincare,1011,909.9,10,3.9,1956.0,Oily,2024,978,988758,446,4,In Stock
562,L'Oreal Skincare Product,L'Oreal,Skincare,294,220.5,25,3.3,1798.0,,2024,183,53802,127,1,In Stock
563,Maybelline Skincare Product,Maybelline,Skincare,296,236.8,20,3.5,1528.0,,2024,2155,637880,1607,6,In Stock
564,Nivea Haircare Product,Nivea,Haircare,504,378.0,25,3.9,2007.0,,2024,3677,1853208,1900,3,Out of Stock
565,Biotique Skincare Product,Biotique,Skincare,1512,1360.8,10,4.3,2031.0,,2024,4830,7302960,3646,2,Out of Stock
566,Mamaearth Skincare Product,Mamaearth,Skincare,512,358.4,30,3.8,1918.0,,2024,1902,973824,929,2,In Stock
567,Himalaya Haircare Product,Himalaya,Haircare,1008,907.2,10,4.3,1793.0,,2025,4960,4999680,3878,2,Out of Stock
568,Himalaya Makeup Product,Himalaya,Makeup,1002,851.7,15,4.0,2268.0,,2025,4225,4233450,1456,7,Out of Stock
569,Minimalist Makeup Product,Minimalist,Makeup,315,267.75,15,3.5,2080.0,,2025,2983,939645,1919,4,In Stock
570,Dove Haircare Product,Dove,Haircare,999,849.15,15,4.2,1704.0,,2025,3334,3330666,1823,2,Out of Stock
571,L'Oreal Skincare Product,L'Oreal,Skincare,700,490.0,30,3.7,1302.0,,2025,4348,3043600,2147,7,Out of Stock
572,Lakme Haircare Product,Lakme,Haircare,991,693.7,30,3.9,1585.0,,2024,2861,2835251,1763,5,In Stock
573,Dove Haircare Product,Dove,Haircare,712,569.6,20,4.6,1480.0,,2025,1300,925600,847,7,In Stock
574,Mamaearth Skincare Product,Mamaearth,Skincare,281,210.75,25,3.6,1518.0,,2024,3562,1000922,1076,1,Out of Stock
575,Nykaa Haircare Product,Nykaa,Haircare,492,442.8,10,3.6,1957.0,All,2025,1306,642552,500,7,In Stock
576,Maybelline Makeup Product,Maybelline,Makeup,1005,854.25,15,3.8,1979.0,,2024,3426,3443130,2249,4,Out of Stock
577,Mamaearth Makeup Product,Mamaearth,Makeup,504,352.8,30,3.8,1957.0,,2024,3536,1782144,2238,6,Out of Stock
578,Dove Haircare Product,Dove,Haircare,1479,1331.1,10,4.3,1600.0,,2025,3634,5374686,2845,7,Out of Stock
579,Nivea Skincare Product,Nivea,Skincare,307,230.25,25,3.3,2255.0,,2024,1446,443922,984,2,In Stock
580,Himalaya Makeup Product,Himalaya,Makeup,699,559.2,20,4.0,1657.0,,2024,3687,2577213,2858,1,Out of Stock
581,Minimalist Haircare Product,Minimalist,Haircare,1485,1262.25,15,4.2,2116.0,,2024,3380,5019300,2201,3,Out of Stock
582,Biotique Haircare Product,Biotique,Haircare,1001,850.85,15,4.0,2094.0,,2025,2753,2755753,1236,2,In Stock
583,Minimalist Skincare Product,Minimalist,Skincare,1507,1356.3,10,4.4,1392.0,,2025,520,783640,183,1,In Stock
584,Dove Skincare Product,Dove,Skincare,1005,753.75,25,4.1,1710.0,,2025,1403,1410015,969,5,In Stock
585,Maybelline Haircare Product,Maybelline,Haircare,281,224.8,20,3.5,1987.0,,2025,2833,796073,1762,3,In Stock
586,Himalaya Skincare Product,Himalaya,Skincare,507,430.95,15,3.8,,,2025,2881,1460667,933,5,In Stock
587,Himalaya Skincare Product,Himalaya,Skincare,301,210.7,30,3.5,1200.0,,2025,407,122507,195,6,In Stock
588,Nykaa Makeup Product,Nykaa,Makeup,1509,1056.3,30,4.4,1112.0,Oily,2024,3069,4631121,2388,1,Out of Stock
589,Nykaa Skincare Product,Nykaa,Skincare,1488,1041.6,30,4.0,1575.0,Combination,2024,717,1066896,394,5,In Stock
590,Dove Skincare Product,Dove,Skincare,700,525.0,25,4.1,2066.0,,2024,4518,3162600,2332,6,Out of Stock
591,Maybelline Haircare Product,Maybelline,Haircare,1491,1267.35,15,4.0,1440.0,,2024,1195,1781745,631,1,In Stock
592,Maybelline Haircare Product,Maybelline,Haircare,305,244.0,20,3.6,1379.0,,2024,4235,1291675,1712,1,Out of Stock
593,L'Oreal Haircare Product,L'Oreal,Haircare,714,499.8,30,3.6,1762.0,,2024,3769,2691066,1825,5,Out of Stock
594,Himalaya Skincare Product,Himalaya,Skincare,709,602.65,15,3.7,1896.0,,2025,2795,1981655,1355,1,In Stock
595,L'Oreal Skincare Product,L'Oreal,Skincare,295,236.0,20,3.6,2410.0,,2025,589,173755,192,2,In Stock
596,Nykaa Skincare Product,Nykaa,Skincare,282,211.5,25,3.5,1799.0,Dry,2024,2829,797778,1934,1,In Stock
597,Dove Makeup Product,Dove,Makeup,1516,1364.4,10,,2872.0,,2024,4186,6345976,2127,4,Out of Stock
598,Biotique Skincare Product,Biotique,Skincare,995,895.5,10,3.8,1705.0,,2025,4885,4860575,3473,6,Out of Stock
599,Nivea Makeup Product,Nivea,Makeup,684,615.6,10,3.8,2042.0,,2025,3825,2616300,2773,1,Out of Stock
600,Nykaa Makeup Product,Nykaa,Makeup,507,456.3,10,3.5,1333.0,Oily,2024,2558,1296906,1038,4,In Stock
601,Himalaya Makeup Product,Himalaya,Makeup,981,882.9,10,4.2,2121.0,,2025,2829,2775249,1778,1,In Stock
602,Minimalist Skincare Product,Minimalist,Skincare,1479,1331.1,10,4.0,1683.0,,2025,974,1440546,522,1,In Stock
603,Dove Makeup Product,Dove,Makeup,996,896.4,10,,1936.0,,2025,3006,2993976,2224,5,Out of Stock
604,Biotique Makeup Product,Biotique,Makeup,1002,801.6,20,4.4,1882.0,,2025,1631,1634262,665,2,In Stock
605,Himalaya Makeup Product,Himalaya,Makeup,318,254.4,20,3.3,1463.0,,2025,3374,1072932,2155,6,Out of Stock
606,Dove Makeup Product,Dove,Makeup,1513,1210.4,20,4.1,1736.0,,2024,4535,6861455,2738,2,Out of Stock
607,Nivea Haircare Product,Nivea,Haircare,503,377.25,25,4.0,2248.0,,2024,305,153415,136,3,In Stock
608,L'Oreal Skincare Product,L'Oreal,Skincare,500,400.0,20,3.6,1720.0,,2024,4854,2427000,1787,5,Out of Stock
609,Mamaearth Haircare Product,Mamaearth,Haircare,694,555.2,20,3.6,1924.0,,2025,1888,1310272,1181,5,In Stock
610,Biotique Makeup Product,Biotique,Makeup,1011,909.9,10,4.0,1728.0,,2025,1994,2015934,1334,2,In Stock
611,Lakme Haircare Product,Lakme,Haircare,1505,1128.75,25,3.9,2113.0,,2024,59,88795,27,7,In Stock
612,Nivea Haircare Product,Nivea,Haircare,306,214.2,30,3.5,1187.0,,2025,2921,893826,1818,5,In Stock
613,Maybelline Skincare Product,Maybelline,Skincare,700,490.0,30,3.9,1767.0,,2025,847,592900,421,2,In Stock
614,Maybelline Skincare Product,Maybelline,Skincare,985,788.0,20,4.1,,,2025,1065,1049025,699,5,In Stock
615,Biotique Makeup Product,Biotique,Makeup,1007,855.95,15,4.0,1719.0,,2024,1874,1887118,748,1,In Stock
616,Biotique Skincare Product,Biotique,Skincare,495,420.75,15,4.1,1635.0,,2024,4519,2236905,3367,2,Out of Stock
617,Himalaya Haircare Product,Himalaya,Haircare,498,448.2,10,3.8,,,2024,3186,1586628,1413,2,Out of Stock
618,Nykaa Makeup Product,Nykaa,Makeup,681,578.85,15,4.2,1875.0,All,2025,2243,1527483,1085,4,In Stock
619,L'Oreal Makeup Product,L'Oreal,Makeup,502,426.7,15,3.6,1850.0,,2024,273,137046,89,5,In Stock
620,Mamaearth Haircare Product,Mamaearth,Haircare,707,530.25,25,3.7,1658.0,,2024,4998,3533586,1778,5,Out of Stock
621,Himalaya Skincare Product,Himalaya,Skincare,997,747.75,25,4.0,1537.0,,2025,4208,4195376,2347,2,Out of Stock
622,Minimalist Skincare Product,Minimalist,Skincare,1512,1209.6,20,4.5,1298.0,,2024,3975,6010200,1724,1,Out of Stock
623,Biotique Makeup Product,Biotique,Makeup,311,279.9,10,3.3,1710.0,,2025,4834,1503374,3469,1,Out of Stock
624,Biotique Haircare Product,Biotique,Haircare,507,380.25,25,3.9,1882.0,,2024,4050,2053350,1244,6,Out of Stock
625,Nykaa Skincare Product,Nykaa,Skincare,700,525.0,25,4.1,2170.0,Combination,2025,1683,1178100,823,1,In Stock
626,Minimalist Haircare Product,Minimalist,Haircare,979,881.1,10,4.1,1771.0,,2025,2202,2155758,1032,5,In Stock
627,Dove Makeup Product,Dove,Makeup,314,251.2,20,3.6,1869.0,,2024,560,175840,173,7,In Stock
628,Lakme Skincare Product,Lakme,Skincare,1510,1359.0,10,4.6,1915.0,,2024,434,655340,157,4,In Stock
629,Mamaearth Skincare Product,Mamaearth,Skincare,513,384.75,25,3.8,1816.0,,2024,454,232902,230,2,In Stock
630,Nykaa Makeup Product,Nykaa,Makeup,993,744.75,25,4.3,1712.0,All,2025,4663,4630359,2548,3,Out of Stock
631,Nivea Haircare Product,Nivea,Haircare,497,372.75,25,4.1,2207.0,,2025,4621,2296637,2320,4,Out of Stock
632,L'Oreal Skincare Product,L'Oreal,Skincare,498,348.6,30,3.8,1930.0,,2024,2050,1020900,1159,7,In Stock
633,Maybelline Haircare Product,Maybelline,Haircare,283,226.4,20,4.0,1709.0,,2025,2806,794098,1676,3,In Stock
634,Nivea Makeup Product,Nivea,Makeup,511,408.8,20,3.4,2062.0,,2025,1718,877898,523,4,In Stock
635,Nykaa Haircare Product,Nykaa,Haircare,496,396.8,20,3.4,1663.0,Oily,2024,1510,748960,803,1,In Stock
636,Minimalist Makeup Product,Minimalist,Makeup,688,619.2,10,4.0,1574.0,,2025,3686,2535968,2881,5,Out of Stock
637,L'Oreal Makeup Product,L'Oreal,Makeup,287,200.9,30,3.9,2489.0,,2024,2774,796138,1552,7,In Stock
638,Biotique Skincare Product,Biotique,Skincare,306,275.4,10,3.7,1956.0,,2025,4859,1486854,3103,3,Out of Stock
639,Maybelline Makeup Product,Maybelline,Makeup,699,594.15,15,,1927.0,,2024,4228,2955372,1927,7,Out of Stock
640,Nykaa Skincare Product,Nykaa,Skincare,1016,863.6,15,4.7,1924.0,All,2024,2098,2131568,1441,4,In Stock
641,Maybelline Makeup Product,Maybelline,Makeup,715,536.25,25,3.9,969.0,,2025,4196,3000140,2880,5,Out of Stock
642,Maybelline Makeup Product,Maybelline,Makeup,691,518.25,25,3.5,2187.0,,2024,4830,3337530,2707,7,Out of Stock
643,Lakme Makeup Product,Lakme,Makeup,702,526.5,25,3.7,1469.0,,2024,766,537732,603,3,In Stock
644,Lakme Makeup Product,Lakme,Makeup,692,588.2,15,4.0,1752.0,,2025,4594,3179048,1666,2,Out of Stock
645,Himalaya Haircare Product,Himalaya,Haircare,1507,1054.9,30,4.4,2167.0,,2024,4633,6981931,1429,4,Out of Stock
646,L'Oreal Haircare Product,L'Oreal,Haircare,997,797.6,20,4.0,2033.0,,2024,1873,1867381,1283,2,In Stock
647,Nykaa Makeup Product,Nykaa,Makeup,501,450.9,10,3.5,1303.0,Combination,2025,2131,1067631,1499,1,In Stock
648,Biotique Makeup Product,Biotique,Makeup,1002,901.8,10,3.9,1950.0,,2025,3469,3475938,1249,2,Out of Stock
649,Lakme Skincare Product,Lakme,Skincare,1514,1286.9,15,4.0,1565.0,,2025,1624,2458736,702,2,In Stock
650,Biotique Skincare Product,Biotique,Skincare,299,209.3,30,3.9,1137.0,,2024,299,89401,92,6,In Stock
651,Minimalist Skincare Product,Minimalist,Skincare,717,645.3,10,3.9,2034.0,,2025,723,518391,322,4,In Stock
652,Nivea Makeup Product,Nivea,Makeup,290,232.0,20,3.6,1708.0,,2025,4583,1329070,3146,1,Out of Stock
653,L'Oreal Skincare Product,L'Oreal,Skincare,307,214.9,30,4.0,1608.0,,2024,2215,680005,1238,2,In Stock
654,Lakme Makeup Product,Lakme,Makeup,1001,700.7,30,4.2,,,2025,820,820820,388,5,In Stock
655,L'Oreal Haircare Product,L'Oreal,Haircare,508,457.2,10,3.6,1185.0,,2024,4012,2038096,1949,3,Out of Stock
656,Mamaearth Makeup Product,Mamaearth,Makeup,492,418.2,15,3.6,1633.0,,2024,4413,2171196,1326,2,Out of Stock
657,Minimalist Makeup Product,Minimalist,Makeup,1012,910.8,10,3.9,1473.0,,2025,2034,2058408,915,1,In Stock
658,Nykaa Skincare Product,Nykaa,Skincare,693,519.75,25,3.9,1791.0,Dry,2025,1127,781011,702,2,In Stock
659,L'Oreal Makeup Product,L'Oreal,Makeup,311,279.9,10,4.0,1916.0,,2024,285,88635,224,3,In Stock
660,L'Oreal Haircare Product,L'Oreal,Haircare,479,335.3,30,3.2,1641.0,,2024,438,209802,316,1,In Stock
661,Biotique Makeup Product,Biotique,Makeup,312,218.4,30,3.5,1725.0,,2025,3087,963144,962,4,Out of Stock
662,Maybelline Makeup Product,Maybelline,Makeup,307,260.95,15,3.5,1709.0,,2024,4908,1506756,3677,1,Out of Stock
663,Nivea Makeup Product,Nivea,Makeup,481,408.85,15,3.2,1717.0,,2025,1898,912938,1312,4,In Stock
664,Mamaearth Skincare Product,Mamaearth,Skincare,295,236.0,20,3.6,1490.0,,2024,4769,1406855,3291,1,Out of Stock
665,Biotique Skincare Product,Biotique,Skincare,1510,1283.5,15,4.3,2387.0,,2025,2864,4324640,1515,7,In Stock
666,Minimalist Haircare Product,Minimalist,Haircare,307,276.3,10,3.6,1821.0,,2024,3424,1051168,1708,3,Out of Stock
667,Lakme Makeup Product,Lakme,Makeup,985,689.5,30,4.1,1730.0,,2024,3328,3278080,1502,3,Out of Stock
668,Nykaa Haircare Product,Nykaa,Haircare,1493,1194.4,20,4.2,1780.0,Dry,2024,1302,1943886,433,1,In Stock
669,L'Oreal Haircare Product,L'Oreal,Haircare,318,270.3,15,3.7,1757.0,,2024,4031,1281858,1669,7,Out of Stock
670,Dove Haircare Product,Dove,Haircare,1018,763.5,25,4.0,2154.0,,2024,4723,4808014,1999,2,Out of Stock
671,Nykaa Makeup Product,Nykaa,Makeup,296,251.6,15,3.7,1742.0,All,2025,2172,642912,1177,3,In Stock
672,Dove Skincare Product,Dove,Skincare,1007,805.6,20,4.0,1628.0,,2024,4580,4612060,3085,4,Out of Stock
673,Biotique Haircare Product,Biotique,Haircare,692,553.6,20,3.7,2177.0,,2025,2200,1522400,1181,4,In Stock
674,Nykaa Skincare Product,Nykaa,Skincare,989,840.65,15,4.1,1759.0,Dry,2025,4909,4855001,1614,5,Out of Stock
675,Minimalist Makeup Product,Minimalist,Makeup,680,612.0,10,4.1,1403.0,,2025,1379,937720,1074,6,In Stock
676,Maybelline Haircare Product,Maybelline,Haircare,493,443.7,10,3.4,2225.0,,2025,1408,694144,1086,7,In Stock
677,Maybelline Skincare Product,Maybelline,Skincare,515,360.5,30,,1461.0,,2025,2532,1303980,1753,6,In Stock
678,Nykaa Skincare Product,Nykaa,Skincare,995,796.0,20,,2297.0,Combination,2024,4592,4569040,3653,6,Out of Stock
679,Mamaearth Haircare Product,Mamaearth,Haircare,1485,1113.75,25,4.3,1824.0,,2025,2067,3069495,1182,4,In Stock
680,Minimalist Haircare Product,Minimalist,Haircare,1495,1196.0,20,4.5,1792.0,,2024,1381,2064595,1079,5,In Stock
681,Maybelline Haircare Product,Maybelline,Haircare,515,360.5,30,3.6,1839.0,,2024,4394,2262910,1484,6,Out of Stock
682,Dove Skincare Product,Dove,Skincare,491,392.8,20,3.6,,,2024,4311,2116701,2081,6,Out of Stock
683,Mamaearth Makeup Product,Mamaearth,Makeup,718,502.6,30,3.8,,,2024,1408,1010944,581,1,In Stock
684,Nivea Haircare Product,Nivea,Haircare,988,741.0,25,4.1,,,2025,4687,4630756,1865,1,Out of Stock
685,Mamaearth Haircare Product,Mamaearth,Haircare,480,408.0,15,4.0,1673.0,,2024,4904,2353920,1816,1,Out of Stock
686,Dove Skincare Product,Dove,Skincare,510,459.0,10,3.9,1450.0,,2024,3227,1645770,1972,2,Out of Stock
687,Mamaearth Makeup Product,Mamaearth,Makeup,716,572.8,20,3.6,2051.0,,2025,2178,1559448,1504,6,In Stock
688,Nykaa Makeup Product,Nykaa,Makeup,1510,1132.5,25,3.9,1691.0,Dry,2024,2230,3367300,1313,2,In Stock
689,Himalaya Haircare Product,Himalaya,Haircare,714,606.9,15,4.1,1981.0,,2025,4942,3528588,1845,5,Out of Stock
690,Dove Skincare Product,Dove,Skincare,1010,757.5,25,4.2,2084.0,,2024,187,188870,131,7,In Stock
691,Nykaa Makeup Product,Nykaa,Makeup,306,275.4,10,3.3,1582.0,Dry,2025,3522,1077732,2176,4,Out of Stock
692,Minimalist Haircare Product,Minimalist,Haircare,1499,1199.2,20,4.3,2193.0,,2025,2882,4320118,1423,6,In Stock
693,Minimalist Haircare Product,Minimalist,Haircare,484,435.6,10,3.9,1692.0,,2024,3629,1756436,2311,4,Out of Stock
694,Biotique Haircare Product,Biotique,Haircare,1516,1288.6,15,4.2,2033.0,,2025,3081,4670796,1324,7,Out of Stock
695,L'Oreal Haircare Product,L'Oreal,Haircare,1516,1212.8,20,4.4,2063.0,,2025,4214,6388424,1991,1,Out of Stock
696,Dove Makeup Product,Dove,Makeup,481,336.7,30,4.2,1487.0,,2025,2643,1271283,2005,6,In Stock
697,Minimalist Haircare Product,Minimalist,Haircare,1491,1341.9,10,4.2,2169.0,,2025,4350,6485850,1936,3,Out of Stock
698,Maybelline Makeup Product,Maybelline,Makeup,1013,861.05,15,3.8,2094.0,,2025,3868,3918284,2069,2,Out of Stock
699,Biotique Haircare Product,Biotique,Haircare,713,570.4,20,4.0,1899.0,,2024,4188,2986044,3120,2,Out of Stock
700,Nykaa Haircare Product,Nykaa,Haircare,497,447.3,10,3.8,1579.0,Oily,2025,3873,1924881,2532,6,Out of Stock
701,Nivea Makeup Product,Nivea,Makeup,680,578.0,15,3.9,1458.0,,2025,4092,2782560,1354,7,Out of Stock
702,L'Oreal Haircare Product,L'Oreal,Haircare,701,560.8,20,3.8,1928.0,,2024,1956,1371156,730,1,In Stock
703,Biotique Skincare Product,Biotique,Skincare,1483,1186.4,20,4.2,961.0,,2024,810,1201230,246,2,In Stock
704,Dove Makeup Product,Dove,Makeup,298,268.2,10,3.8,1761.0,,2025,3495,1041510,2151,1,Out of Stock
705,L'Oreal Skincare Product,L'Oreal,Skincare,1496,1196.8,20,4.0,2244.0,,2024,949,1419704,497,5,In Stock
706,Nykaa Skincare Product,Nykaa,Skincare,699,524.25,25,4.2,1841.0,Dry,2025,4505,3148995,1653,4,Out of Stock
707,Maybelline Skincare Product,Maybelline,Skincare,288,230.4,20,3.8,1939.0,,2025,2997,863136,2334,7,In Stock
708,Maybelline Skincare Product,Maybelline,Skincare,293,219.75,25,3.7,1579.0,,2024,1769,518317,999,3,In Stock
709,Himalaya Haircare Product,Himalaya,Haircare,307,260.95,15,4.0,2056.0,,2025,330,101310,138,4,In Stock
710,Biotique Makeup Product,Biotique,Makeup,1018,763.5,25,4.0,1967.0,,2024,3316,3375688,1824,4,Out of Stock
711,Biotique Makeup Product,Biotique,Makeup,508,355.6,30,3.8,1414.0,,2024,1937,983996,1239,5,In Stock
712,Nivea Skincare Product,Nivea,Skincare,514,436.9,15,3.7,1814.0,,2024,3316,1704424,1121,2,Out of Stock
713,Maybelline Haircare Product,Maybelline,Haircare,700,525.0,25,3.8,1624.0,,2025,716,501200,313,3,In Stock
714,Himalaya Skincare Product,Himalaya,Skincare,298,223.5,25,3.8,1436.0,,2024,4238,1262924,2981,2,Out of Stock
715,Mamaearth Haircare Product,Mamaearth,Haircare,685,479.5,30,4.1,1668.0,,2025,721,493885,382,6,In Stock
716,Dove Haircare Product,Dove,Haircare,313,250.4,20,3.7,1762.0,,2024,2019,631947,1157,4,In Stock
717,Nykaa Haircare Product,Nykaa,Haircare,1508,1131.0,25,4.1,1239.0,All,2025,4206,6342648,2172,6,Out of Stock
718,Nivea Skincare Product,Nivea,Skincare,995,845.75,15,3.9,1726.0,,2025,3172,3156140,1021,1,Out of Stock
719,Nivea Makeup Product,Nivea,Makeup,1012,809.6,20,,,,2024,4749,4805988,1818,4,Out of Stock
720,Himalaya Skincare Product,Himalaya,Skincare,510,382.5,25,4.0,1038.0,,2024,4827,2461770,2523,2,Out of Stock
721,L'Oreal Makeup Product,L'Oreal,Makeup,1518,1138.5,25,4.4,1685.0,,2024,3950,5996100,1598,4,Out of Stock
722,L'Oreal Haircare Product,L'Oreal,Haircare,1508,1131.0,25,4.2,2167.0,,2024,573,864084,186,1,In Stock
723,Maybelline Makeup Product,Maybelline,Makeup,991,743.25,25,4.1,1652.0,,2025,2443,2421013,1763,5,In Stock
724,Nykaa Skincare Product,Nykaa,Skincare,516,438.6,15,3.9,,Oily,2025,3167,1634172,2503,6,Out of Stock
725,Lakme Skincare Product,Lakme,Skincare,1516,1288.6,15,4.0,1805.0,,2024,2643,4006788,1841,6,In Stock
726,Dove Skincare Product,Dove,Skincare,701,630.9,10,3.9,,,2024,2018,1414618,1466,2,In Stock
727,Mamaearth Makeup Product,Mamaearth,Makeup,512,460.8,10,3.6,1392.0,,2025,1803,923136,759,4,In Stock
728,Nivea Makeup Product,Nivea,Makeup,490,441.0,10,3.7,1981.0,,2025,2346,1149540,1830,2,In Stock
729,Dove Skincare Product,Dove,Skincare,1495,1345.5,10,3.7,2336.0,,2025,2311,3454945,920,5,In Stock
730,Mamaearth Skincare Product,Mamaearth,Skincare,290,217.5,25,3.9,2167.0,,2024,2336,677440,1812,4,In Stock
731,Biotique Makeup Product,Biotique,Makeup,313,266.05,15,3.7,1527.0,,2025,4252,1330876,3390,4,Out of Stock
732,Biotique Makeup Product,Biotique,Makeup,703,492.1,30,4.2,1862.0,,2024,2928,2058384,1920,2,In Stock
733,Maybelline Haircare Product,Maybelline,Haircare,1004,753.0,25,3.8,2048.0,,2024,4193,4209772,3314,2,Out of Stock
734,Maybelline Haircare Product,Maybelline,Haircare,1008,806.4,20,3.9,1618.0,,2024,3694,3723552,2160,1,Out of Stock
735,Mamaearth Makeup Product,Mamaearth,Makeup,494,345.8,30,4.1,2430.0,,2024,4482,2214108,1926,7,Out of Stock
736,Dove Haircare Product,Dove,Haircare,284,227.2,20,3.9,1516.0,,2024,2105,597820,1091,7,In Stock
737,Nivea Haircare Product,Nivea,Haircare,1483,1112.25,25,4.0,2004.0,,2025,4770,7073910,2846,5,Out of Stock
738,L'Oreal Makeup Product,L'Oreal,Makeup,1498,1123.5,25,4.4,2248.0,,2025,1326,1986348,446,7,In Stock
739,Himalaya Haircare Product,Himalaya,Haircare,1495,1121.25,25,3.8,1584.0,,2024,2816,4209920,1721,1,In Stock
740,L'Oreal Makeup Product,L'Oreal,Makeup,302,256.7,15,3.7,1912.0,,2024,352,106304,278,6,In Stock
741,Biotique Skincare Product,Biotique,Skincare,704,563.2,20,4.0,,,2024,688,484352,271,4,In Stock
742,Biotique Skincare Product,Biotique,Skincare,496,446.4,10,3.8,1810.0,,2024,105,52080,73,2,In Stock
743,Nivea Skincare Product,Nivea,Skincare,507,430.95,15,3.6,1386.0,,2024,4871,2469597,3672,4,Out of Stock
744,Minimalist Skincare Product,Minimalist,Skincare,693,623.7,10,4.2,1786.0,,2024,575,398475,443,4,In Stock
745,Himalaya Skincare Product,Himalaya,Skincare,1501,1125.75,25,,1743.0,,2025,4619,6933119,3603,3,Out of Stock
746,Nykaa Skincare Product,Nykaa,Skincare,279,209.25,25,3.6,1592.0,Combination,2024,4173,1164267,2339,6,Out of Stock
747,Nykaa Haircare Product,Nykaa,Haircare,310,232.5,25,3.5,1798.0,Combination,2025,2175,674250,1715,3,In Stock
748,Nykaa Skincare Product,Nykaa,Skincare,286,228.8,20,3.6,1380.0,All,2025,3337,954382,2264,7,Out of Stock
749,L'Oreal Makeup Product,L'Oreal,Makeup,489,391.2,20,3.5,1881.0,,2024,414,202446,157,4,In Stock
750,Minimalist Makeup Product,Minimalist,Makeup,507,354.9,30,3.9,1814.0,,2025,4671,2368197,2515,2,Out of Stock
751,Minimalist Haircare Product,Minimalist,Haircare,516,361.2,30,3.7,2209.0,,2024,1696,875136,1117,4,In Stock
752,Dove Haircare Product,Dove,Haircare,313,250.4,20,3.6,1700.0,,2025,968,302984,410,6,In Stock
753,Minimalist Skincare Product,Minimalist,Skincare,680,544.0,20,4.1,2330.0,,2025,2847,1935960,1766,3,In Stock
754,Dove Makeup Product,Dove,Makeup,716,537.0,25,3.9,1940.0,,2024,1581,1131996,1001,2,In Stock
755,Dove Haircare Product,Dove,Haircare,514,436.9,15,4.1,1674.0,,2024,3395,1745030,1294,4,Out of Stock
756,Minimalist Makeup Product,Minimalist,Makeup,314,235.5,25,3.5,1631.0,,2025,1956,614184,1139,5,In Stock
757,Dove Makeup Product,Dove,Makeup,706,635.4,10,3.9,1788.0,,2024,3136,2214016,2150,6,Out of Stock
758,Himalaya Makeup Product,Himalaya,Makeup,482,361.5,25,3.6,1527.0,,2025,4630,2231660,2543,6,Out of Stock
759,Nykaa Haircare Product,Nykaa,Haircare,1009,706.3,30,4.0,902.0,Oily,2024,2125,2144125,650,5,In Stock
760,Biotique Skincare Product,Biotique,Skincare,502,426.7,15,3.8,1977.0,,2024,763,383026,232,4,In Stock
761,Maybelline Skincare Product,Maybelline,Skincare,497,397.6,20,3.6,1616.0,,2025,1112,552664,532,6,In Stock
762,Nivea Haircare Product,Nivea,Haircare,694,624.6,10,3.7,2264.0,,2024,2026,1406044,1546,2,In Stock
763,Biotique Skincare Product,Biotique,Skincare,501,425.85,15,4.0,1468.0,,2024,1346,674346,557,4,In Stock
764,Biotique Skincare Product,Biotique,Skincare,303,257.55,15,3.5,1383.0,,2025,175,53025,108,4,In Stock
765,L'Oreal Skincare Product,L'Oreal,Skincare,298,268.2,10,3.6,1843.0,,2024,4682,1395236,1924,3,Out of Stock
766,L'Oreal Haircare Product,L'Oreal,Haircare,1511,1133.25,25,4.2,1284.0,,2024,3646,5509106,1680,6,Out of Stock
767,Himalaya Skincare Product,Himalaya,Skincare,493,443.7,10,3.9,1811.0,,2024,3333,1643169,2413,6,Out of Stock
768,L'Oreal Haircare Product,L'Oreal,Haircare,1001,750.75,25,3.8,1816.0,,2024,1653,1654653,1098,5,In Stock
769,Dove Skincare Product,Dove,Skincare,700,560.0,20,4.1,1205.0,,2024,116,81200,40,3,In Stock
770,Nivea Makeup Product,Nivea,Makeup,986,788.8,20,4.0,1828.0,,2025,282,278052,145,7,In Stock
771,Maybelline Makeup Product,Maybelline,Makeup,1515,1212.0,20,4.3,1656.0,,2024,2206,3342090,693,3,In Stock
772,Lakme Skincare Product,Lakme,Skincare,318,238.5,25,3.9,,,2024,1219,387642,658,6,In Stock
773,Minimalist Makeup Product,Minimalist,Makeup,990,841.5,15,4.1,2057.0,,2024,2208,2185920,1393,4,In Stock
774,Dove Makeup Product,Dove,Makeup,1506,1280.1,15,4.1,2047.0,,2025,4256,6409536,1528,3,Out of Stock
775,Nivea Makeup Product,Nivea,Makeup,509,381.75,25,3.8,1619.0,,2024,1543,785387,685,5,In Stock
776,Himalaya Haircare Product,Himalaya,Haircare,1479,1331.1,10,4.3,1620.0,,2024,4768,7051872,2378,3,Out of Stock
777,Lakme Makeup Product,Lakme,Makeup,499,449.1,10,3.7,1866.0,,2025,4057,2024443,3082,5,Out of Stock
778,Nivea Skincare Product,Nivea,Skincare,295,250.75,15,3.7,1652.0,,2025,2522,743990,2009,7,In Stock
779,Mamaearth Skincare Product,Mamaearth,Skincare,1484,1187.2,20,4.1,1429.0,,2025,2710,4021640,873,3,In Stock
780,Mamaearth Skincare Product,Mamaearth,Skincare,1493,1045.1,30,4.1,1149.0,,2025,2789,4163977,1897,5,In Stock
781,Lakme Makeup Product,Lakme,Makeup,1513,1134.75,25,4.3,2447.0,,2025,1811,2740043,879,3,In Stock
782,Maybelline Skincare Product,Maybelline,Skincare,483,410.55,15,3.5,1606.0,,2024,3564,1721412,1768,7,Out of Stock
783,L'Oreal Makeup Product,L'Oreal,Makeup,496,372.0,25,4.1,1969.0,,2025,2025,1004400,1371,3,In Stock
784,Mamaearth Makeup Product,Mamaearth,Makeup,1485,1113.75,25,4.3,1587.0,,2025,2412,3581820,1831,2,In Stock
785,Himalaya Makeup Product,Himalaya,Makeup,713,641.7,10,3.6,1922.0,,2024,926,660238,718,5,In Stock
786,Mamaearth Haircare Product,Mamaearth,Haircare,710,603.5,15,3.9,1908.0,,2024,3862,2742020,2273,7,Out of Stock
787,Nivea Skincare Product,Nivea,Skincare,1495,1196.0,20,4.2,1998.0,,2024,3498,5229510,1674,5,Out of Stock
788,Maybelline Makeup Product,Maybelline,Makeup,991,842.35,15,3.6,1809.0,,2025,1362,1349742,944,5,In Stock
789,L'Oreal Skincare Product,L'Oreal,Skincare,1018,814.4,20,3.9,1618.0,,2024,1510,1537180,642,1,In Stock
790,Biotique Makeup Product,Biotique,Makeup,1480,1184.0,20,4.2,1367.0,,2025,2759,4083320,1605,7,In Stock
791,L'Oreal Haircare Product,L'Oreal,Haircare,709,638.1,10,4.0,1650.0,,2024,2374,1683166,1137,3,In Stock
792,Nivea Haircare Product,Nivea,Haircare,1017,864.45,15,3.8,1464.0,,2025,1783,1813311,1120,5,In Stock
793,Lakme Makeup Product,Lakme,Makeup,516,438.6,15,3.5,1065.0,,2025,1655,853980,695,6,In Stock
794,L'Oreal Haircare Product,L'Oreal,Haircare,1501,1050.7,30,4.2,1760.0,,2025,2613,3922113,1034,1,In Stock
795,Minimalist Haircare Product,Minimalist,Haircare,1501,1275.85,15,4.2,2205.0,,2024,3471,5209971,2634,2,Out of Stock
796,L'Oreal Makeup Product,L'Oreal,Makeup,315,267.75,15,,1887.0,,2024,3567,1123605,1251,5,Out of Stock
797,Dove Skincare Product,Dove,Skincare,681,578.85,15,3.8,1885.0,,2024,2447,1666407,1353,5,In Stock
798,Dove Haircare Product,Dove,Haircare,297,207.9,30,3.7,1830.0,,2024,3785,1124145,1553,1,Out of Stock
799,Nykaa Haircare Product,Nykaa,Haircare,700,630.0,10,4.1,1677.0,Dry,2025,2920,2044000,932,3,In Stock
800,Dove Skincare Product,Dove,Skincare,691,552.8,20,3.8,1350.0,,2025,1210,836110,384,6,In Stock
801,Himalaya Skincare Product,Himalaya,Skincare,487,413.95,15,3.5,1871.0,,2024,4904,2388248,1900,2,Out of Stock
802,Mamaearth Haircare Product,Mamaearth,Haircare,1001,900.9,10,3.9,1678.0,,2025,292,292292,214,5,In Stock
803,Dove Haircare Product,Dove,Haircare,288,244.8,15,3.6,1493.0,,2024,2640,760320,1164,3,In Stock
804,Nivea Haircare Product,Nivea,Haircare,303,242.4,20,3.4,1783.0,,2025,1113,337239,862,7,In Stock
805,Mamaearth Haircare Product,Mamaearth,Haircare,689,551.2,20,3.6,,,2025,4374,3013686,2584,6,Out of Stock
806,Nivea Haircare Product,Nivea,Haircare,490,441.0,10,3.6,1688.0,,2025,2645,1296050,1370,7,In Stock
807,Minimalist Makeup Product,Minimalist,Makeup,694,624.6,10,3.7,2053.0,,2025,969,672486,571,6,In Stock
808,Himalaya Makeup Product,Himalaya,Makeup,490,367.5,25,3.8,1737.0,,2024,55,26950,30,2,In Stock
809,Lakme Haircare Product,Lakme,Haircare,504,403.2,20,4.2,2230.0,,2024,517,260568,351,4,In Stock
810,Lakme Makeup Product,Lakme,Makeup,990,693.0,30,4.1,1961.0,,2025,4220,4177800,1862,6,Out of Stock
811,Himalaya Skincare Product,Himalaya,Skincare,1495,1121.25,25,4.2,1571.0,,2025,53,79235,25,4,In Stock
812,Lakme Skincare Product,Lakme,Skincare,1490,1043.0,30,,1627.0,,2025,695,1035550,519,7,In Stock
813,Himalaya Haircare Product,Himalaya,Haircare,693,519.75,25,3.9,2332.0,,2025,167,115731,129,6,In Stock
814,Dove Makeup Product,Dove,Makeup,1499,1049.3,30,4.1,1956.0,,2025,2978,4464022,2222,2,In Stock
815,Lakme Skincare Product,Lakme,Skincare,1003,752.25,25,3.8,1686.0,,2025,2601,2608803,1325,1,In Stock
816,Nykaa Makeup Product,Nykaa,Makeup,483,362.25,25,3.4,1958.0,Oily,2024,4339,2095737,2994,2,Out of Stock
817,Nykaa Skincare Product,Nykaa,Skincare,491,392.8,20,3.5,1932.0,All,2025,896,439936,482,2,In Stock
818,L'Oreal Makeup Product,L'Oreal,Makeup,1014,912.6,10,3.9,1351.0,,2025,2812,2851368,1543,1,In Stock
819,Biotique Makeup Product,Biotique,Makeup,993,893.7,10,4.0,1461.0,,2024,1191,1182663,479,1,In Stock
820,L'Oreal Haircare Product,L'Oreal,Haircare,496,347.2,30,3.8,1551.0,,2025,1860,922560,1107,3,In Stock
821,Nivea Makeup Product,Nivea,Makeup,1500,1275.0,15,4.2,1700.0,,2024,773,1159500,303,6,In Stock
822,Dove Skincare Product,Dove,Skincare,997,847.45,15,4.1,2154.0,,2024,274,273178,127,7,In Stock
823,Lakme Makeup Product,Lakme,Makeup,299,209.3,30,,2169.0,,2025,4677,1398423,3402,3,Out of Stock
824,L'Oreal Skincare Product,L'Oreal,Skincare,480,408.0,15,3.9,,,2024,4258,2043840,1718,1,Out of Stock
825,Nivea Makeup Product,Nivea,Makeup,1509,1207.2,20,4.1,1702.0,,2025,4704,7098336,1578,4,Out of Stock
826,Mamaearth Skincare Product,Mamaearth,Skincare,1482,1259.7,15,3.9,1827.0,,2025,2098,3109236,701,7,In Stock
827,Biotique Haircare Product,Biotique,Haircare,311,248.8,20,3.8,1542.0,,2024,4799,1492489,3697,4,Out of Stock
828,Nivea Makeup Product,Nivea,Makeup,502,376.5,25,3.7,2008.0,,2024,4465,2241430,2471,2,Out of Stock
829,Himalaya Haircare Product,Himalaya,Haircare,505,454.5,10,,1616.0,,2024,1623,819615,819,5,In Stock
830,Maybelline Haircare Product,Maybelline,Haircare,1488,1116.0,25,4.2,1961.0,,2025,1878,2794464,1324,2,In Stock
831,Lakme Skincare Product,Lakme,Skincare,315,220.5,30,,1877.0,,2025,1967,619605,1412,2,In Stock
832,Nykaa Haircare Product,Nykaa,Haircare,705,634.5,10,,2208.0,Oily,2025,4284,3020220,1996,5,Out of Stock
833,Maybelline Haircare Product,Maybelline,Haircare,290,246.5,15,3.4,,,2024,2076,602040,1342,6,In Stock
834,Biotique Skincare Product,Biotique,Skincare,1014,811.2,20,4.2,1992.0,,2024,3794,3847116,2601,1,Out of Stock
835,Maybelline Makeup Product,Maybelline,Makeup,507,380.25,25,3.5,1796.0,,2024,951,482157,596,4,In Stock
836,Mamaearth Skincare Product,Mamaearth,Skincare,1488,1041.6,30,3.9,2097.0,,2024,4835,7194480,1816,2,Out of Stock
837,Maybelline Skincare Product,Maybelline,Skincare,490,367.5,25,3.4,1942.0,,2025,2089,1023610,1541,5,In Stock
838,L'Oreal Haircare Product,L'Oreal,Haircare,1514,1135.5,25,4.2,1915.0,,2024,59,89326,33,3,In Stock
839,Mamaearth Makeup Product,Mamaearth,Makeup,1494,1195.2,20,4.2,2003.0,,2024,310,463140,136,2,In Stock
840,Nykaa Skincare Product,Nykaa,Skincare,692,519.0,25,4.1,1446.0,All,2025,1723,1192316,883,4,In Stock
841,Dove Skincare Product,Dove,Skincare,1485,1113.75,25,4.2,2078.0,,2025,2269,3369465,723,1,In Stock
842,Himalaya Skincare Product,Himalaya,Skincare,1012,708.4,30,4.0,1538.0,,2024,2110,2135320,767,2,In Stock
843,Nykaa Haircare Product,Nykaa,Haircare,692,553.6,20,3.6,1492.0,Oily,2024,3763,2603996,2569,2,Out of Stock
844,Mamaearth Skincare Product,Mamaearth,Skincare,1498,1198.4,20,4.3,2137.0,,2024,1669,2500162,500,6,In Stock
845,Nykaa Skincare Product,Nykaa,Skincare,309,262.65,15,3.3,2111.0,Dry,2025,370,114330,188,5,In Stock
846,Nykaa Haircare Product,Nykaa,Haircare,286,257.4,10,3.5,1613.0,Dry,2024,1392,398112,781,3,In Stock
847,L'Oreal Makeup Product,L'Oreal,Makeup,717,573.6,20,4.1,1847.0,,2024,2426,1739442,794,3,In Stock
848,Maybelline Skincare Product,Maybelline,Skincare,698,558.4,20,3.7,2044.0,,2025,2882,2011636,2266,7,In Stock
849,Dove Skincare Product,Dove,Skincare,295,250.75,15,3.9,2122.0,,2024,2874,847830,1187,1,In Stock
850,Dove Haircare Product,Dove,Haircare,1511,1208.8,20,4.4,2241.0,,2025,2044,3088484,924,7,In Stock
851,Dove Skincare Product,Dove,Skincare,990,742.5,25,4.2,,,2025,3008,2977920,1359,4,Out of Stock
852,Dove Haircare Product,Dove,Haircare,997,797.6,20,3.8,1894.0,,2025,2088,2081736,866,1,In Stock
853,Maybelline Skincare Product,Maybelline,Skincare,1000,750.0,25,4.4,1575.0,,2024,3540,3540000,1064,2,Out of Stock
854,Lakme Makeup Product,Lakme,Makeup,697,522.75,25,4.1,2625.0,,2025,3727,2597719,2477,2,Out of Stock
855,L'Oreal Makeup Product,L'Oreal,Makeup,704,563.2,20,4.0,1573.0,,2025,1168,822272,915,3,In Stock
856,Nivea Haircare Product,Nivea,Haircare,717,573.6,20,4.1,2503.0,,2025,1654,1185918,681,4,In Stock
857,Nykaa Haircare Product,Nykaa,Haircare,704,598.4,15,4.2,1834.0,Dry,2024,4077,2870208,2574,5,Out of Stock
858,Minimalist Makeup Product,Minimalist,Makeup,1016,914.4,10,4.2,1911.0,,2025,285,289560,191,4,In Stock
859,L'Oreal Makeup Product,L'Oreal,Makeup,685,548.0,20,4.0,2024.0,,2025,2019,1383015,1462,2,In Stock
860,Himalaya Haircare Product,Himalaya,Haircare,1015,710.5,30,,1733.0,,2024,4479,4546185,2290,5,Out of Stock
861,Dove Haircare Product,Dove,Haircare,282,225.6,20,3.7,1889.0,,2024,1958,552156,883,4,In Stock
862,Lakme Skincare Product,Lakme,Skincare,489,366.75,25,3.8,1466.0,,2025,425,207825,196,4,In Stock
863,Lakme Haircare Product,Lakme,Haircare,304,273.6,10,3.6,1571.0,,2024,3580,1088320,2349,5,Out of Stock
864,Minimalist Haircare Product,Minimalist,Haircare,992,793.6,20,3.6,1514.0,,2025,2685,2663520,1902,2,In Stock
865,Dove Makeup Product,Dove,Makeup,1493,1343.7,10,3.9,1373.0,,2024,1620,2418660,633,4,In Stock
866,Maybelline Skincare Product,Maybelline,Skincare,1516,1364.4,10,4.3,2013.0,,2024,2610,3956760,1267,5,In Stock
867,Maybelline Skincare Product,Maybelline,Skincare,488,414.8,15,,1247.0,,2025,3441,1679208,2584,6,Out of Stock
868,Biotique Haircare Product,Biotique,Haircare,516,412.8,20,3.6,1611.0,,2025,3015,1555740,2120,6,Out of Stock
869,Nivea Makeup Product,Nivea,Makeup,1512,1134.0,25,4.1,2022.0,,2025,3693,5583816,2926,2,Out of Stock
870,Biotique Haircare Product,Biotique,Haircare,482,433.8,10,3.7,1617.0,,2025,3900,1879800,2640,5,Out of Stock
871,L'Oreal Skincare Product,L'Oreal,Skincare,1513,1059.1,30,4.1,1511.0,,2025,922,1394986,457,6,In Stock
872,L'Oreal Makeup Product,L'Oreal,Makeup,1005,904.5,10,3.7,1499.0,,2024,1302,1308510,775,5,In Stock
873,Dove Makeup Product,Dove,Makeup,709,531.75,25,4.0,2508.0,,2025,1364,967076,860,4,In Stock
874,Dove Makeup Product,Dove,Makeup,517,465.3,10,,1718.0,,2025,4870,2517790,1652,2,Out of Stock
875,Lakme Haircare Product,Lakme,Haircare,996,846.6,15,4.0,1770.0,,2024,2948,2936208,1686,6,In Stock
876,Mamaearth Haircare Product,Mamaearth,Haircare,304,258.4,15,3.8,1515.0,,2024,127,38608,83,7,In Stock
877,Biotique Skincare Product,Biotique,Skincare,715,607.75,15,4.0,1837.0,,2024,2671,1909765,1024,4,In Stock
878,Dove Makeup Product,Dove,Makeup,311,264.35,15,3.5,1579.0,,2024,4277,1330147,2952,7,Out of Stock
879,Maybelline Skincare Product,Maybelline,Skincare,517,361.9,30,3.7,1333.0,,2024,650,336050,384,7,In Stock
880,L'Oreal Haircare Product,L'Oreal,Haircare,1511,1133.25,25,4.3,2222.0,,2025,1115,1684765,865,1,In Stock
881,L'Oreal Haircare Product,L'Oreal,Haircare,312,218.4,30,3.6,1940.0,,2024,2186,682032,702,1,In Stock
882,Mamaearth Skincare Product,Mamaearth,Skincare,299,239.2,20,3.7,1913.0,,2025,2499,747201,1081,2,In Stock
883,Dove Skincare Product,Dove,Skincare,1010,757.5,25,4.0,1699.0,,2025,2393,2416930,1437,6,In Stock
884,Mamaearth Makeup Product,Mamaearth,Makeup,500,350.0,30,4.0,1966.0,,2025,1913,956500,857,6,In Stock
885,Dove Skincare Product,Dove,Skincare,688,550.4,20,3.7,1810.0,,2024,1368,941184,899,6,In Stock
886,Nykaa Makeup Product,Nykaa,Makeup,1481,1184.8,20,4.1,2064.0,All,2025,4761,7051041,3235,5,Out of Stock
887,Mamaearth Makeup Product,Mamaearth,Makeup,684,513.0,25,,1030.0,,2025,3647,2494548,1281,4,Out of Stock
888,Nivea Haircare Product,Nivea,Haircare,681,578.85,15,3.8,1408.0,,2025,3812,2595972,2123,6,Out of Stock
889,L'Oreal Haircare Product,L'Oreal,Haircare,1481,1036.7,30,4.5,2725.0,,2025,4720,6990320,2616,4,Out of Stock
890,Maybelline Makeup Product,Maybelline,Makeup,687,515.25,25,3.7,1643.0,,2025,2240,1538880,1085,2,In Stock
891,Nykaa Skincare Product,Nykaa,Skincare,500,450.0,10,3.7,,Combination,2024,1042,521000,798,7,In Stock
892,L'Oreal Haircare Product,L'Oreal,Haircare,694,624.6,10,3.5,1735.0,,2024,2762,1916828,1971,6,In Stock
893,Minimalist Haircare Product,Minimalist,Haircare,301,240.8,20,3.9,2056.0,,2024,2242,674842,1454,2,In Stock
894,Dove Skincare Product,Dove,Skincare,296,207.2,30,3.6,1569.0,,2025,1298,384208,852,6,In Stock
895,Himalaya Makeup Product,Himalaya,Makeup,706,564.8,20,4.1,1601.0,,2024,3104,2191424,1647,1,Out of Stock
896,Lakme Skincare Product,Lakme,Skincare,318,238.5,25,3.6,1737.0,,2025,4648,1478064,3534,3,Out of Stock
897,Himalaya Haircare Product,Himalaya,Haircare,312,249.6,20,3.7,1887.0,,2024,4083,1273896,2642,2,Out of Stock
898,Lakme Makeup Product,Lakme,Makeup,1491,1043.7,30,4.4,2192.0,,2024,2047,3052077,1360,6,In Stock
899,Biotique Makeup Product,Biotique,Makeup,1490,1043.0,30,4.1,1426.0,,2025,4966,7399340,3629,3,Out of Stock
900,Himalaya Skincare Product,Himalaya,Skincare,697,557.6,20,4.1,1485.0,,2025,3737,2604689,1633,2,Out of Stock
901,Biotique Haircare Product,Biotique,Haircare,1502,1351.8,10,4.5,2123.0,,2025,2201,3305902,1548,5,In Stock
902,Maybelline Skincare Product,Maybelline,Skincare,696,522.0,25,3.7,2219.0,,2025,4068,2831328,1617,6,Out of Stock
903,Lakme Haircare Product,Lakme,Haircare,711,568.8,20,3.7,1751.0,,2025,3160,2246760,1493,5,Out of Stock
904,L'Oreal Skincare Product,L'Oreal,Skincare,315,267.75,15,3.7,1975.0,,2024,2020,636300,944,1,In Stock
905,Mamaearth Haircare Product,Mamaearth,Haircare,1501,1125.75,25,4.1,2308.0,,2025,247,370747,194,6,In Stock
906,Nykaa Haircare Product,Nykaa,Haircare,1000,700.0,30,3.8,1704.0,Combination,2024,2676,2676000,1948,7,In Stock
907,Biotique Skincare Product,Biotique,Skincare,279,223.2,20,3.6,2340.0,,2024,1252,349308,814,1,In Stock
908,Dove Skincare Product,Dove,Skincare,1496,1346.4,10,4.0,1971.0,,2025,2085,3119160,1383,3,In Stock
909,Biotique Makeup Product,Biotique,Makeup,696,556.8,20,3.7,1954.0,,2025,527,366792,306,2,In Stock
910,Nivea Haircare Product,Nivea,Haircare,498,398.4,20,3.9,1456.0,,2025,1304,649392,1008,4,In Stock
911,Biotique Skincare Product,Biotique,Skincare,1509,1056.3,30,4.4,,,2025,972,1466748,532,1,In Stock
912,Himalaya Skincare Product,Himalaya,Skincare,1501,1125.75,25,4.1,1349.0,,2024,469,703969,229,4,In Stock
913,Biotique Haircare Product,Biotique,Haircare,306,275.4,10,3.5,1407.0,,2025,2254,689724,859,4,In Stock
914,Himalaya Makeup Product,Himalaya,Makeup,284,227.2,20,3.8,1487.0,,2024,2647,751748,1834,2,In Stock
915,Lakme Skincare Product,Lakme,Skincare,1489,1265.65,15,4.1,1801.0,,2024,1170,1742130,780,3,In Stock
916,Minimalist Haircare Product,Minimalist,Haircare,502,351.4,30,3.9,1389.0,,2025,3118,1565236,1534,2,Out of Stock
917,L'Oreal Skincare Product,L'Oreal,Skincare,312,280.8,10,3.9,1336.0,,2024,1000,312000,312,6,In Stock
918,L'Oreal Skincare Product,L'Oreal,Skincare,703,562.4,20,3.7,1388.0,,2024,2386,1677358,1716,1,In Stock
919,Minimalist Haircare Product,Minimalist,Haircare,312,234.0,25,3.6,2102.0,,2025,2293,715416,700,4,In Stock
920,L'Oreal Makeup Product,L'Oreal,Makeup,284,198.8,30,4.0,1433.0,,2024,2695,765380,1756,2,In Stock
921,Mamaearth Haircare Product,Mamaearth,Haircare,717,609.45,15,4.0,,,2024,1907,1367319,1497,2,In Stock
922,Biotique Skincare Product,Biotique,Skincare,502,376.5,25,4.0,,,2025,4662,2340324,2418,2,Out of Stock
923,Nykaa Skincare Product,Nykaa,Skincare,1018,916.2,10,3.8,1450.0,Combination,2025,1915,1949470,799,1,In Stock
924,Dove Haircare Product,Dove,Haircare,294,235.2,20,4.0,1947.0,,2025,2962,870828,1932,3,In Stock
925,Biotique Haircare Product,Biotique,Haircare,1498,1273.3,15,4.3,1882.0,,2025,2903,4348694,2056,7,In Stock
926,Nykaa Makeup Product,Nykaa,Makeup,988,691.6,30,4.1,1710.0,Dry,2024,4960,4900480,2843,2,Out of Stock
927,Mamaearth Haircare Product,Mamaearth,Haircare,308,215.6,30,3.3,1342.0,,2025,3278,1009624,2568,1,Out of Stock
928,Lakme Skincare Product,Lakme,Skincare,987,740.25,25,4.4,1920.0,,2025,3769,3720003,1228,4,Out of Stock
929,Dove Skincare Product,Dove,Skincare,1001,700.7,30,4.0,1918.0,,2025,3278,3281278,1810,6,Out of Stock
930,Mamaearth Makeup Product,Mamaearth,Makeup,683,614.7,10,3.8,1488.0,,2024,2421,1653543,1595,7,In Stock
931,Himalaya Makeup Product,Himalaya,Makeup,280,252.0,10,3.7,2226.0,,2025,2941,823480,2150,5,In Stock
932,Dove Haircare Product,Dove,Haircare,484,387.2,20,3.6,1186.0,,2024,3806,1842104,1482,7,Out of Stock
933,Dove Skincare Product,Dove,Skincare,983,786.4,20,4.2,1853.0,,2025,4275,4202325,2992,7,Out of Stock
934,Biotique Skincare Product,Biotique,Skincare,282,253.8,10,3.9,1556.0,,2024,144,40608,82,1,In Stock
935,Biotique Haircare Product,Biotique,Haircare,297,222.75,25,3.3,1312.0,,2024,2724,809028,1357,5,In Stock
936,Maybelline Skincare Product,Maybelline,Skincare,294,235.2,20,3.5,1365.0,,2025,2005,589470,733,2,In Stock
937,Minimalist Skincare Product,Minimalist,Skincare,997,847.45,15,4.2,1865.0,,2025,843,840471,617,2,In Stock
938,Nykaa Makeup Product,Nykaa,Makeup,688,584.8,15,3.9,1708.0,Oily,2024,1884,1296192,713,7,In Stock
939,Minimalist Makeup Product,Minimalist,Makeup,501,350.7,30,3.7,,,2025,2166,1085166,985,1,In Stock
940,Biotique Makeup Product,Biotique,Makeup,704,563.2,20,3.8,1707.0,,2024,4156,2925824,1849,5,Out of Stock
941,Biotique Haircare Product,Biotique,Haircare,716,501.2,30,4.1,1442.0,,2024,3375,2416500,2483,2,Out of Stock
942,Lakme Haircare Product,Lakme,Haircare,686,548.8,20,3.8,1861.0,,2025,2969,2036734,1889,4,In Stock
943,Nivea Haircare Product,Nivea,Haircare,685,616.5,10,3.8,1810.0,,2024,2647,1813195,1848,3,In Stock
944,Biotique Makeup Product,Biotique,Makeup,1013,810.4,20,3.7,2041.0,,2024,3255,3297315,1384,3,Out of Stock
945,Maybelline Haircare Product,Maybelline,Haircare,679,543.2,20,3.8,1747.0,,2024,4857,3297903,2974,2,Out of Stock
946,Maybelline Skincare Product,Maybelline,Skincare,289,245.65,15,3.4,1743.0,,2024,864,249696,506,5,In Stock
947,Dove Haircare Product,Dove,Haircare,1015,913.5,10,4.0,1219.0,,2025,395,400925,282,6,In Stock
948,Maybelline Skincare Product,Maybelline,Skincare,1510,1208.0,20,4.1,1914.0,,2024,2399,3622490,1806,2,In Stock
949,Mamaearth Haircare Product,Mamaearth,Haircare,992,694.4,30,3.8,1632.0,,2024,412,408704,126,6,In Stock
950,Himalaya Haircare Product,Himalaya,Haircare,492,418.2,15,4.0,2235.0,,2025,2493,1226556,1588,6,In Stock
951,Minimalist Makeup Product,Minimalist,Makeup,691,621.9,10,3.8,1799.0,,2025,2315,1599665,754,5,In Stock
952,L'Oreal Makeup Product,L'Oreal,Makeup,493,369.75,25,3.5,1732.0,,2025,2238,1103334,1285,6,In Stock
953,Mamaearth Makeup Product,Mamaearth,Makeup,485,339.5,30,3.6,1681.0,,2024,3055,1481675,1355,4,Out of Stock
954,Nivea Makeup Product,Nivea,Makeup,680,612.0,10,4.1,1777.0,,2025,3331,2265080,1510,5,Out of Stock
955,L'Oreal Haircare Product,L'Oreal,Haircare,1498,1048.6,30,4.5,1795.0,,2024,1034,1548932,492,2,In Stock
956,Maybelline Makeup Product,Maybelline,Makeup,1494,1269.9,15,4.0,2348.0,,2025,1689,2523366,1031,7,In Stock
957,Dove Haircare Product,Dove,Haircare,294,249.9,15,3.9,2018.0,,2025,877,257838,409,4,In Stock
958,Biotique Haircare Product,Biotique,Haircare,317,285.3,10,3.8,1723.0,,2025,2780,881260,1852,1,In Stock
959,Nivea Makeup Product,Nivea,Makeup,715,643.5,10,3.6,1597.0,,2025,3581,2560415,1798,3,Out of Stock
960,Biotique Makeup Product,Biotique,Makeup,314,266.9,15,3.7,1653.0,,2024,4501,1413314,1504,2,Out of Stock
961,Minimalist Haircare Product,Minimalist,Haircare,311,279.9,10,3.7,1427.0,,2025,2985,928335,2065,2,In Stock
962,Nivea Makeup Product,Nivea,Makeup,505,404.0,20,3.9,2080.0,,2025,3926,1982630,1738,2,Out of Stock
963,Minimalist Haircare Product,Minimalist,Haircare,514,385.5,25,3.7,1603.0,,2025,176,90464,90,4,In Stock
964,Biotique Skincare Product,Biotique,Skincare,491,441.9,10,4.1,1638.0,,2025,3227,1584457,2074,1,Out of Stock
965,Dove Skincare Product,Dove,Skincare,495,420.75,15,3.7,2191.0,,2025,3106,1537470,1448,7,Out of Stock
966,Nykaa Skincare Product,Nykaa,Skincare,685,582.25,15,3.9,1292.0,Oily,2024,653,447305,214,5,In Stock
967,Maybelline Makeup Product,Maybelline,Makeup,307,214.9,30,3.9,1813.0,,2025,3499,1074193,1703,1,Out of Stock
968,Maybelline Makeup Product,Maybelline,Makeup,984,738.0,25,3.8,,,2025,4196,4128864,3240,4,Out of Stock
969,Biotique Skincare Product,Biotique,Skincare,700,630.0,10,3.7,1240.0,,2025,3583,2508100,2224,2,Out of Stock
970,Himalaya Makeup Product,Himalaya,Makeup,1500,1200.0,20,4.2,2114.0,,2025,3417,5125500,2172,3,Out of Stock
971,Mamaearth Makeup Product,Mamaearth,Makeup,312,280.8,10,3.4,1362.0,,2025,3418,1066416,2105,2,Out of Stock
972,Maybelline Skincare Product,Maybelline,Skincare,293,234.4,20,3.5,1795.0,,2024,3847,1127171,1536,5,Out of Stock
973,Nykaa Skincare Product,Nykaa,Skincare,1012,809.6,20,4.0,1412.0,Dry,2024,1842,1864104,937,6,In Stock
974,Nykaa Makeup Product,Nykaa,Makeup,1494,1120.5,25,4.1,987.0,Combination,2024,2911,4349034,1966,3,In Stock
975,Lakme Makeup Product,Lakme,Makeup,494,370.5,25,3.7,1803.0,,2024,3526,1741844,1236,2,Out of Stock
976,Dove Skincare Product,Dove,Skincare,993,844.05,15,3.7,1259.0,,2025,3467,3442731,1521,7,Out of Stock
977,Minimalist Skincare Product,Minimalist,Skincare,680,578.0,15,3.8,1351.0,,2025,1695,1152600,742,3,In Stock
978,Minimalist Haircare Product,Minimalist,Haircare,984,885.6,10,3.8,1886.0,,2024,1255,1234920,647,6,In Stock
979,Maybelline Skincare Product,Maybelline,Skincare,1484,1187.2,20,4.0,1262.0,,2025,3080,4570720,2433,1,Out of Stock
980,Nykaa Skincare Product,Nykaa,Skincare,491,368.25,25,,1915.0,Dry,2025,2922,1434702,975,4,In Stock
981,Biotique Haircare Product,Biotique,Haircare,683,478.1,30,4.1,,,2024,3122,2132326,1746,2,Out of Stock
982,Nivea Makeup Product,Nivea,Makeup,1504,1203.2,20,4.0,,,2025,1904,2863616,741,5,In Stock
983,Maybelline Skincare Product,Maybelline,Skincare,511,459.9,10,4.1,1883.0,,2024,4071,2080281,3197,1,Out of Stock
984,Nykaa Haircare Product,Nykaa,Haircare,510,433.5,15,4.1,2024.0,Oily,2025,4712,2403120,1680,2,Out of Stock
985,Himalaya Makeup Product,Himalaya,Makeup,485,412.25,15,4.0,1913.0,,2024,2758,1337630,1383,1,In Stock
986,Himalaya Makeup Product,Himalaya,Makeup,995,895.5,10,3.9,1567.0,,2024,3552,3534240,2376,5,Out of Stock
987,Biotique Skincare Product,Biotique,Skincare,490,441.0,10,4.1,1868.0,,2025,1382,677180,901,2,In Stock
988,Mamaearth Haircare Product,Mamaearth,Haircare,995,796.0,20,3.9,1928.0,,2024,251,249745,128,6,In Stock
989,Maybelline Haircare Product,Maybelline,Haircare,985,689.5,30,4.3,1527.0,,2025,3557,3503645,1683,6,Out of Stock
990,Dove Makeup Product,Dove,Makeup,511,408.8,20,3.8,1586.0,,2025,4262,2177882,2125,5,Out of Stock
991,Nivea Haircare Product,Nivea,Haircare,716,644.4,10,3.8,1680.0,,2025,624,446784,269,3,In Stock
992,Biotique Skincare Product,Biotique,Skincare,1480,1332.0,10,4.4,1703.0,,2025,586,867280,235,5,In Stock
993,Dove Skincare Product,Dove,Skincare,995,895.5,10,4.1,1577.0,,2024,1675,1666625,907,3,In Stock
994,Mamaearth Haircare Product,Mamaearth,Haircare,1496,1047.2,30,4.6,2644.0,,2024,2172,3249312,943,2,In Stock
995,L'Oreal Skincare Product,L'Oreal,Skincare,498,348.6,30,3.5,1828.0,,2024,435,216630,193,3,In Stock
996,Nivea Skincare Product,Nivea,Skincare,307,230.25,25,3.8,1832.0,,2024,3331,1022617,2093,2,Out of Stock
997,Dove Haircare Product,Dove,Haircare,291,232.8,20,3.3,1601.0,,2024,524,152484,410,2,In Stock
998,Nykaa Skincare Product,Nykaa,Skincare,704,528.0,25,4.2,1801.0,Oily,2025,467,328768,281,7,In Stock
999,Minimalist Skincare Product,Minimalist,Skincare,996,697.2,30,3.6,1864.0,,2025,3650,3635400,1235,4,Out of Stock
1000,Nykaa Haircare Product,Nykaa,Haircare,981,784.8,20,4.1,1955.0,Combination,2024,1004,984924,339,2,In Stock
1001,Nykaa Haircare Product,Nykaa,Haircare,1014,709.8,30,3.7,2054.0,Oily,2024,4908,4976712,3807,3,Out of Stock
1002,Nykaa Skincare Product,Nykaa,Skincare,994,695.8,30,3.9,2266.0,All,2025,1255,1247470,563,4,In Stock
1003,Dove Makeup Product,Dove,Makeup,288,244.8,15,3.4,2400.0,,2025,4809,1384992,1664,4,Out of Stock
1004,Dove Skincare Product,Dove,Skincare,994,894.6,10,3.9,1705.0,,2024,4170,4144980,2500,2,Out of Stock
1005,Himalaya Makeup Product,Himalaya,Makeup,304,273.6,10,3.4,1652.0,,2025,2040,620160,1248,5,In Stock
1006,Dove Skincare Product,Dove,Skincare,982,687.4,30,4.3,1418.0,,2025,4855,4767610,3030,5,Out of Stock
1007,Minimalist Skincare Product,Minimalist,Skincare,1008,907.2,10,4.0,2084.0,,2025,3622,3650976,1570,6,Out of Stock
1008,Dove Makeup Product,Dove,Makeup,1492,1268.2,15,4.3,2486.0,,2025,4430,6609560,1362,4,Out of Stock
1009,Dove Skincare Product,Dove,Skincare,1018,865.3,15,4.0,1769.0,,2025,4208,4283744,3292,2,Out of Stock
1010,Maybelline Haircare Product,Maybelline,Haircare,1501,1350.9,10,4.3,2224.0,,2025,4807,7215307,2045,7,Out of Stock
1011,Himalaya Skincare Product,Himalaya,Skincare,998,798.4,20,4.0,2016.0,,2024,2763,2757474,1762,5,In Stock
1012,Minimalist Haircare Product,Minimalist,Haircare,514,411.2,20,4.0,1400.0,,2025,2253,1158042,1471,7,In Stock
1013,Mamaearth Haircare Product,Mamaearth,Haircare,1514,1286.9,15,4.5,1735.0,,2025,3170,4799380,1917,2,Out of Stock
1014,Nivea Makeup Product,Nivea,Makeup,1518,1214.4,20,,1769.0,,2025,1016,1542288,463,2,In Stock
1015,L'Oreal Haircare Product,L'Oreal,Haircare,715,572.0,20,3.6,1997.0,,2024,4994,3570710,2175,4,Out of Stock
1016,Dove Skincare Product,Dove,Skincare,683,478.1,30,4.3,2031.0,,2025,3482,2378206,2085,7,Out of Stock
1017,Nykaa Haircare Product,Nykaa,Haircare,1484,1335.6,10,4.6,1956.0,Dry,2024,738,1095192,540,6,In Stock
1018,Himalaya Makeup Product,Himalaya,Makeup,289,245.65,15,3.5,2267.0,,2024,4293,1240677,3320,4,Out of Stock
1019,L'Oreal Haircare Product,L'Oreal,Haircare,490,367.5,25,3.8,1491.0,,2024,3751,1837990,1323,1,Out of Stock
1020,Maybelline Haircare Product,Maybelline,Haircare,495,445.5,10,3.9,1943.0,,2025,391,193545,147,7,In Stock
1021,L'Oreal Skincare Product,L'Oreal,Skincare,290,217.5,25,3.8,1502.0,,2025,1774,514460,1370,5,In Stock
1022,Minimalist Skincare Product,Minimalist,Skincare,1500,1350.0,10,4.3,1897.0,,2025,4472,6708000,2988,5,Out of Stock
1023,Maybelline Makeup Product,Maybelline,Makeup,484,338.8,30,4.0,2252.0,,2025,1842,891528,1365,5,In Stock
1024,Dove Haircare Product,Dove,Haircare,987,838.95,15,3.6,1826.0,,2025,1809,1785483,725,3,In Stock
1025,Minimalist Makeup Product,Minimalist,Makeup,1514,1286.9,15,4.1,,,2024,3262,4938668,1936,2,Out of Stock
1026,Mamaearth Haircare Product,Mamaearth,Haircare,1007,855.95,15,4.4,1647.0,,2024,1039,1046273,675,4,In Stock
1027,Nykaa Makeup Product,Nykaa,Makeup,499,349.3,30,3.7,1998.0,All,2025,2312,1153688,1479,5,In Stock
1028,Nivea Makeup Product,Nivea,Makeup,279,237.15,15,3.2,1543.0,,2024,2532,706428,1276,1,In Stock
1029,Lakme Haircare Product,Lakme,Haircare,484,435.6,10,3.6,1770.0,,2024,1001,484484,308,5,In Stock
1030,Nykaa Haircare Product,Nykaa,Haircare,688,481.6,30,4.3,1973.0,Combination,2025,772,531136,456,6,In Stock
1031,Himalaya Makeup Product,Himalaya,Makeup,296,222.0,25,3.5,1517.0,,2024,3439,1017944,1466,2,Out of Stock
1032,Maybelline Haircare Product,Maybelline,Haircare,310,263.5,15,3.5,1759.0,,2025,2129,659990,1117,7,In Stock
1033,Himalaya Makeup Product,Himalaya,Makeup,518,362.6,30,3.8,2285.0,,2025,2767,1433306,2154,2,In Stock
1034,Lakme Haircare Product,Lakme,Haircare,299,254.15,15,3.5,1225.0,,2024,2382,712218,1189,7,In Stock
1035,Biotique Makeup Product,Biotique,Makeup,498,398.4,20,3.7,2011.0,,2025,3426,1706148,2466,7,Out of Stock
1036,L'Oreal Makeup Product,L'Oreal,Makeup,502,351.4,30,3.7,1863.0,,2025,4574,2296148,1803,4,Out of Stock
1037,Minimalist Skincare Product,Minimalist,Skincare,989,840.65,15,4.3,2100.0,,2024,1550,1532950,986,3,In Stock
1038,Lakme Makeup Product,Lakme,Makeup,997,847.45,15,3.8,908.0,,2025,335,333995,264,7,In Stock
1039,Lakme Makeup Product,Lakme,Makeup,694,624.6,10,3.8,1501.0,,2025,3545,2460230,1244,7,Out of Stock
1040,Mamaearth Haircare Product,Mamaearth,Haircare,286,243.1,15,3.7,1969.0,,2024,2115,604890,643,4,In Stock
1041,Biotique Makeup Product,Biotique,Makeup,1497,1047.9,30,4.3,1403.0,,2024,818,1224546,422,5,In Stock
1042,Himalaya Haircare Product,Himalaya,Haircare,490,416.5,15,4.0,1310.0,,2024,3107,1522430,1075,6,Out of Stock
1043,Lakme Makeup Product,Lakme,Makeup,515,437.75,15,3.7,2023.0,,2025,4339,2234585,2925,1,Out of Stock
1044,Dove Skincare Product,Dove,Skincare,987,690.9,30,3.7,1789.0,,2024,2211,2182257,1674,4,In Stock
1045,Minimalist Skincare Product,Minimalist,Skincare,991,891.9,10,3.9,1549.0,,2024,3343,3312913,1728,3,Out of Stock
1046,Mamaearth Skincare Product,Mamaearth,Skincare,485,363.75,25,3.5,2016.0,,2024,996,483060,427,4,In Stock
1047,Himalaya Skincare Product,Himalaya,Skincare,999,899.1,10,4.1,1523.0,,2025,4976,4971024,2573,2,Out of Stock
1048,Dove Skincare Product,Dove,Skincare,1515,1060.5,30,3.9,1682.0,,2025,3385,5128275,2239,5,Out of Stock
1049,Himalaya Makeup Product,Himalaya,Makeup,305,213.5,30,3.6,1611.0,,2024,4200,1281000,1279,5,Out of Stock
1050,Biotique Haircare Product,Biotique,Haircare,1482,1037.4,30,3.9,,,2025,4945,7328490,2940,7,Out of Stock
1051,Minimalist Makeup Product,Minimalist,Makeup,306,275.4,10,3.8,1783.0,,2025,4923,1506438,2986,5,Out of Stock
1052,Himalaya Skincare Product,Himalaya,Skincare,1013,709.1,30,3.9,912.0,,2025,1531,1550903,947,5,In Stock
1053,L'Oreal Skincare Product,L'Oreal,Skincare,492,393.6,20,3.7,1806.0,,2025,1951,959892,821,5,In Stock
1054,Maybelline Haircare Product,Maybelline,Haircare,285,256.5,10,3.8,1583.0,,2025,3501,997785,2300,5,Out of Stock
1055,Mamaearth Skincare Product,Mamaearth,Skincare,1507,1205.6,20,4.1,1626.0,,2024,4114,6199798,1422,1,Out of Stock
1056,L'Oreal Makeup Product,L'Oreal,Makeup,1009,857.65,15,4.0,1688.0,,2025,104,104936,41,3,In Stock
1057,Biotique Haircare Product,Biotique,Haircare,1012,759.0,25,4.3,2258.0,,2025,1873,1895476,1383,7,In Stock
1058,Mamaearth Skincare Product,Mamaearth,Skincare,1496,1196.8,20,4.5,1666.0,,2025,3512,5253952,2350,5,Out of Stock
1059,L'Oreal Skincare Product,L'Oreal,Skincare,1007,906.3,10,,1617.0,,2025,3129,3150903,960,7,Out of Stock
1060,Minimalist Skincare Product,Minimalist,Skincare,994,745.5,25,3.8,1468.0,,2025,882,876708,374,3,In Stock
1061,Lakme Skincare Product,Lakme,Skincare,317,269.45,15,3.7,2056.0,,2024,4458,1413186,1815,6,Out of Stock
1062,Mamaearth Haircare Product,Mamaearth,Haircare,516,387.0,25,3.6,2216.0,,2025,2856,1473696,1243,5,In Stock
1063,Minimalist Haircare Product,Minimalist,Haircare,502,401.6,20,4.0,1814.0,,2025,2540,1275080,1076,7,In Stock
1064,Mamaearth Haircare Product,Mamaearth,Haircare,304,273.6,10,3.7,1833.0,,2024,377,114608,124,4,In Stock
1065,Nivea Haircare Product,Nivea,Haircare,994,745.5,25,4.3,1813.0,,2025,3360,3339840,1779,7,Out of Stock
1066,Lakme Haircare Product,Lakme,Haircare,300,255.0,15,3.6,2058.0,,2025,3350,1005000,2232,5,Out of Stock
1067,Minimalist Skincare Product,Minimalist,Skincare,290,203.0,30,3.8,1694.0,,2024,3725,1080250,2247,2,Out of Stock
1068,Dove Skincare Product,Dove,Skincare,501,350.7,30,3.6,1228.0,,2025,3104,1555104,1975,1,Out of Stock
1069,Mamaearth Haircare Product,Mamaearth,Haircare,315,220.5,30,3.9,2249.0,,2024,2193,690795,746,4,In Stock
1070,Himalaya Skincare Product,Himalaya,Skincare,1014,760.5,25,4.0,2252.0,,2024,1361,1380054,1055,4,In Stock
1071,Lakme Makeup Product,Lakme,Makeup,282,225.6,20,3.6,1867.0,,2025,3241,913962,2331,2,Out of Stock
1072,Biotique Haircare Product,Biotique,Haircare,510,433.5,15,3.7,1695.0,,2025,2588,1319880,1818,5,In Stock
1073,Mamaearth Haircare Product,Mamaearth,Haircare,488,414.8,15,3.5,1994.0,,2024,4033,1968104,2869,1,Out of Stock
1074,Minimalist Makeup Product,Minimalist,Makeup,1508,1055.6,30,4.4,1840.0,,2025,4597,6932276,3522,4,Out of Stock
1075,Dove Makeup Product,Dove,Makeup,697,522.75,25,3.7,1786.0,,2025,214,149158,122,1,In Stock
1076,Lakme Skincare Product,Lakme,Skincare,307,245.6,20,3.3,2451.0,,2025,4327,1328389,1731,4,Out of Stock
1077,Biotique Haircare Product,Biotique,Haircare,509,458.1,10,3.7,1960.0,,2025,872,443848,530,5,In Stock
1078,Lakme Haircare Product,Lakme,Haircare,1506,1129.5,25,3.9,1668.0,,2024,993,1495458,666,6,In Stock
1079,L'Oreal Skincare Product,L'Oreal,Skincare,983,688.1,30,3.7,,,2025,4475,4398925,2993,4,Out of Stock
1080,Lakme Makeup Product,Lakme,Makeup,1497,1347.3,10,4.1,1864.0,,2024,824,1233528,462,6,In Stock
1081,Minimalist Haircare Product,Minimalist,Haircare,703,492.1,30,3.5,1722.0,,2025,2248,1580344,751,4,In Stock
1082,Nivea Skincare Product,Nivea,Skincare,1012,708.4,30,,1808.0,,2024,3206,3244472,1556,3,Out of Stock
1083,Dove Haircare Product,Dove,Haircare,691,621.9,10,3.9,1947.0,,2024,4292,2965772,3263,5,Out of Stock
1084,Biotique Makeup Product,Biotique,Makeup,305,259.25,15,4.0,1655.0,,2024,3745,1142225,2217,2,Out of Stock
1085,Mamaearth Skincare Product,Mamaearth,Skincare,283,240.55,15,,1198.0,,2025,3502,991066,1993,6,Out of Stock
1086,Minimalist Makeup Product,Minimalist,Makeup,317,237.75,25,3.6,1630.0,,2024,964,305588,418,2,In Stock
1087,Minimalist Haircare Product,Minimalist,Haircare,1496,1271.6,15,4.5,1717.0,,2024,1358,2031568,657,5,In Stock
1088,Minimalist Haircare Product,Minimalist,Haircare,701,630.9,10,3.9,,,2025,4227,2963127,3160,7,Out of Stock
1089,L'Oreal Haircare Product,L'Oreal,Haircare,697,487.9,30,3.7,1949.0,,2025,563,392411,356,2,In Stock
1090,Dove Skincare Product,Dove,Skincare,279,237.15,15,,2398.0,,2025,1970,549630,1366,5,In Stock
1091,L'Oreal Makeup Product,L'Oreal,Makeup,510,408.0,20,3.9,2171.0,,2025,3644,1858440,1921,2,Out of Stock
1092,Biotique Haircare Product,Biotique,Haircare,307,260.95,15,3.7,2050.0,,2024,4891,1501537,3008,6,Out of Stock
1093,Dove Skincare Product,Dove,Skincare,485,363.75,25,3.7,1473.0,,2025,1459,707615,618,3,In Stock
1094,Biotique Makeup Product,Biotique,Makeup,287,229.6,20,3.8,1672.0,,2024,4852,1392524,3167,2,Out of Stock
1095,Minimalist Skincare Product,Minimalist,Skincare,1003,752.25,25,4.1,1221.0,,2024,4616,4629848,2371,6,Out of Stock
1096,Himalaya Makeup Product,Himalaya,Makeup,1016,762.0,25,4.0,,,2024,3240,3291840,1688,4,Out of Stock
1097,L'Oreal Haircare Product,L'Oreal,Haircare,309,231.75,25,3.7,1790.0,,2024,4541,1403169,2836,5,Out of Stock
1098,Minimalist Makeup Product,Minimalist,Makeup,516,387.0,25,3.7,1849.0,,2024,1605,828180,1232,1,In Stock
1099,Lakme Skincare Product,Lakme,Skincare,493,369.75,25,4.0,2091.0,,2024,854,421022,283,7,In Stock
1100,Biotique Haircare Product,Biotique,Haircare,1017,864.45,15,4.0,1602.0,,2024,1329,1351593,946,1,In Stock
1101,L'Oreal Skincare Product,L'Oreal,Skincare,512,384.0,25,3.9,1951.0,,2024,3627,1857024,1618,5,Out of Stock
1102,Minimalist Makeup Product,Minimalist,Makeup,1510,1208.0,20,4.3,1992.0,,2024,2951,4456010,1540,3,In Stock
1103,Himalaya Makeup Product,Himalaya,Makeup,681,476.7,30,3.7,1403.0,,2024,1437,978597,446,2,In Stock
1104,Dove Makeup Product,Dove,Makeup,1480,1110.0,25,4.3,,,2024,4738,7012240,2134,3,Out of Stock
1105,Mamaearth Makeup Product,Mamaearth,Makeup,984,787.2,20,4.3,1644.0,,2024,2811,2766024,1549,1,In Stock
1106,L'Oreal Haircare Product,L'Oreal,Haircare,691,552.8,20,3.8,,,2024,2729,1885739,895,7,In Stock
1107,Maybelline Makeup Product,Maybelline,Makeup,1015,812.0,20,4.0,1276.0,,2024,2156,2188340,1176,6,In Stock
1108,Mamaearth Skincare Product,Mamaearth,Skincare,1482,1037.4,30,4.5,1586.0,,2024,4273,6332586,3262,7,Out of Stock
1109,Maybelline Makeup Product,Maybelline,Makeup,313,281.7,10,3.3,1385.0,,2025,4881,1527753,1721,5,Out of Stock
1110,Mamaearth Haircare Product,Mamaearth,Haircare,704,563.2,20,,2010.0,,2024,2818,1983872,1922,5,In Stock
1111,Nykaa Haircare Product,Nykaa,Haircare,490,343.0,30,3.9,1433.0,All,2024,4003,1961470,2020,3,Out of Stock
1112,L'Oreal Haircare Product,L'Oreal,Haircare,991,842.35,15,4.1,1626.0,,2025,3236,3206876,2030,6,Out of Stock
1113,Nivea Makeup Product,Nivea,Makeup,1513,1210.4,20,4.3,1347.0,,2024,3330,5038290,1432,3,Out of Stock
1114,Lakme Makeup Product,Lakme,Makeup,1488,1264.8,15,4.2,2364.0,,2024,2623,3903024,996,2,In Stock
1115,Mamaearth Makeup Product,Mamaearth,Makeup,685,479.5,30,,1571.0,,2024,4666,3196210,1774,4,Out of Stock
1116,Nivea Skincare Product,Nivea,Skincare,1012,860.2,15,4.4,1298.0,,2025,2649,2680788,888,6,In Stock
1117,Himalaya Makeup Product,Himalaya,Makeup,289,202.3,30,3.8,1310.0,,2024,4083,1179987,1603,4,Out of Stock
1118,Minimalist Skincare Product,Minimalist,Skincare,500,375.0,25,3.8,1512.0,,2024,286,143000,180,7,In Stock
1119,Lakme Skincare Product,Lakme,Skincare,1486,1040.2,30,4.1,2084.0,,2024,1354,2012044,1003,2,In Stock
1120,L'Oreal Haircare Product,L'Oreal,Haircare,483,410.55,15,3.6,1786.0,,2025,3480,1680840,2460,4,Out of Stock
1121,Dove Makeup Product,Dove,Makeup,709,602.65,15,3.8,,,2025,1351,957859,868,1,In Stock
1122,Mamaearth Skincare Product,Mamaearth,Skincare,996,896.4,10,4.0,1531.0,,2024,2591,2580636,920,7,In Stock
1123,Nivea Skincare Product,Nivea,Skincare,506,430.1,15,3.3,,,2024,2101,1063106,934,4,In Stock
1124,Himalaya Makeup Product,Himalaya,Makeup,683,512.25,25,3.9,1832.0,,2025,491,335353,223,2,In Stock
1125,Maybelline Makeup Product,Maybelline,Makeup,1505,1279.25,15,4.0,1967.0,,2024,2126,3199630,903,4,In Stock
1126,Himalaya Haircare Product,Himalaya,Haircare,516,361.2,30,3.8,1935.0,,2025,3230,1666680,1800,5,Out of Stock
1127,L'Oreal Skincare Product,L'Oreal,Skincare,509,407.2,20,3.6,2004.0,,2024,2707,1377863,1536,3,In Stock
1128,Minimalist Haircare Product,Minimalist,Haircare,1517,1137.75,25,4.6,1865.0,,2024,3848,5837416,1841,1,Out of Stock
1129,Himalaya Haircare Product,Himalaya,Haircare,1489,1340.1,10,4.2,1422.0,,2025,854,1271606,407,5,In Stock
1130,Maybelline Skincare Product,Maybelline,Skincare,505,378.75,25,3.8,2081.0,,2024,124,62620,88,5,In Stock
1131,Dove Makeup Product,Dove,Makeup,313,250.4,20,3.6,1974.0,,2024,2225,696425,1545,2,In Stock
1132,Maybelline Makeup Product,Maybelline,Makeup,680,578.0,15,3.9,,,2024,3974,2702320,1803,3,Out of Stock
1133,Biotique Skincare Product,Biotique,Skincare,483,434.7,10,3.5,950.0,,2025,2139,1033137,1618,3,In Stock
1134,Mamaearth Makeup Product,Mamaearth,Makeup,1509,1282.65,15,4.1,1361.0,,2024,90,135810,69,6,In Stock
1135,L'Oreal Skincare Product,L'Oreal,Skincare,1484,1335.6,10,4.4,2098.0,,2024,2131,3162404,987,7,In Stock
1136,Minimalist Skincare Product,Minimalist,Skincare,516,387.0,25,3.7,1599.0,,2024,4733,2442228,2258,1,Out of Stock
1137,Himalaya Makeup Product,Himalaya,Makeup,694,624.6,10,3.8,1871.0,,2024,1672,1160368,924,7,In Stock
1138,Mamaearth Skincare Product,Mamaearth,Skincare,505,429.25,15,3.7,,,2025,391,197455,301,2,In Stock
1139,Nivea Skincare Product,Nivea,Skincare,289,260.1,10,3.4,1746.0,,2025,4102,1185478,3027,1,Out of Stock
1140,L'Oreal Skincare Product,L'Oreal,Skincare,1486,1188.8,20,4.2,1859.0,,2025,2124,3156264,746,6,In Stock
1141,Himalaya Haircare Product,Himalaya,Haircare,986,838.1,15,4.3,2250.0,,2025,695,685270,344,4,In Stock
1142,Minimalist Skincare Product,Minimalist,Skincare,1487,1263.95,15,4.4,2156.0,,2024,4876,7250612,2811,5,Out of Stock
1143,Nivea Haircare Product,Nivea,Haircare,998,698.6,30,4.2,1928.0,,2024,4313,4304374,2378,1,Out of Stock
1144,Dove Makeup Product,Dove,Makeup,1016,711.2,30,3.8,1360.0,,2024,659,669544,261,7,In Stock
1145,Maybelline Makeup Product,Maybelline,Makeup,702,491.4,30,4.1,2374.0,,2024,504,353808,367,5,In Stock
1146,Mamaearth Skincare Product,Mamaearth,Skincare,1483,1260.55,15,4.1,1473.0,,2024,3003,4453449,1917,2,Out of Stock
1147,Minimalist Makeup Product,Minimalist,Makeup,680,612.0,10,4.0,2207.0,,2025,1758,1195440,1263,7,In Stock
1148,Himalaya Haircare Product,Himalaya,Haircare,503,352.1,30,3.8,2145.0,,2025,3522,1771566,2568,4,Out of Stock
1149,Himalaya Haircare Product,Himalaya,Haircare,1480,1258.0,15,4.4,2034.0,,2025,3019,4468120,2035,2,Out of Stock
1150,Minimalist Makeup Product,Minimalist,Makeup,1000,700.0,30,4.1,1818.0,,2025,3078,3078000,1599,4,Out of Stock
1151,Biotique Skincare Product,Biotique,Skincare,979,881.1,10,4.0,1775.0,,2024,4847,4745213,2933,4,Out of Stock
1152,Dove Haircare Product,Dove,Haircare,1008,907.2,10,,1574.0,,2024,2731,2752848,1038,5,In Stock
1153,Lakme Haircare Product,Lakme,Haircare,702,526.5,25,3.8,1569.0,,2025,3679,2582658,2342,2,Out of Stock
1154,Lakme Makeup Product,Lakme,Makeup,513,384.75,25,3.6,1527.0,,2025,4275,2193075,1665,2,Out of Stock
1155,L'Oreal Skincare Product,L'Oreal,Skincare,695,556.0,20,3.7,,,2025,3117,2166315,2016,1,Out of Stock
1156,Himalaya Haircare Product,Himalaya,Haircare,312,249.6,20,3.7,2122.0,,2025,1436,448032,595,7,In Stock
1157,Dove Makeup Product,Dove,Makeup,983,786.4,20,3.7,1652.0,,2024,3826,3760958,1372,2,Out of Stock
1158,Nykaa Skincare Product,Nykaa,Skincare,304,273.6,10,3.7,,Dry,2025,2916,886464,1115,1,In Stock
1159,Minimalist Skincare Product,Minimalist,Skincare,285,213.75,25,4.0,1942.0,,2025,4838,1378830,1456,3,Out of Stock
1160,Maybelline Makeup Product,Maybelline,Makeup,991,891.9,10,3.8,1743.0,,2025,3413,3382283,2250,3,Out of Stock
1161,Mamaearth Makeup Product,Mamaearth,Makeup,1003,852.55,15,3.8,1769.0,,2024,4939,4953817,3290,3,Out of Stock
1162,Dove Haircare Product,Dove,Haircare,700,560.0,20,4.0,1948.0,,2025,4174,2921800,2326,6,Out of Stock
1163,L'Oreal Makeup Product,L'Oreal,Makeup,1014,760.5,25,4.3,1481.0,,2025,198,200772,75,2,In Stock
1164,Maybelline Makeup Product,Maybelline,Makeup,499,374.25,25,,2240.0,,2024,3900,1946100,1332,6,Out of Stock
1165,Maybelline Makeup Product,Maybelline,Makeup,1504,1052.8,30,4.3,1027.0,,2024,2108,3170432,652,7,In Stock
1166,L'Oreal Makeup Product,L'Oreal,Makeup,687,618.3,10,3.9,1516.0,,2025,1186,814782,454,2,In Stock
1167,L'Oreal Makeup Product,L'Oreal,Makeup,711,568.8,20,3.8,1655.0,,2025,236,167796,175,1,In Stock
1168,Himalaya Skincare Product,Himalaya,Skincare,698,593.3,15,3.9,1688.0,,2024,2904,2026992,1221,6,In Stock
1169,Himalaya Makeup Product,Himalaya,Makeup,1496,1122.0,25,4.0,2383.0,,2025,1300,1944800,620,6,In Stock
1170,Dove Skincare Product,Dove,Skincare,1013,709.1,30,4.1,1995.0,,2025,1383,1400979,487,7,In Stock
1171,Maybelline Skincare Product,Maybelline,Skincare,314,235.5,25,3.6,1903.0,,2024,4243,1332302,1744,6,Out of Stock
1172,Lakme Haircare Product,Lakme,Haircare,1492,1342.8,10,4.4,1590.0,,2024,4200,6266400,2350,4,Out of Stock
1173,Biotique Skincare Product,Biotique,Skincare,1493,1045.1,30,4.2,1285.0,,2025,2761,4122173,1667,1,In Stock
1174,L'Oreal Makeup Product,L'Oreal,Makeup,317,253.6,20,3.4,2195.0,,2025,4903,1554251,2072,3,Out of Stock
1175,L'Oreal Skincare Product,L'Oreal,Skincare,516,361.2,30,3.9,1827.0,,2025,4551,2348316,1496,1,Out of Stock
1176,Nivea Haircare Product,Nivea,Haircare,1003,902.7,10,3.9,1526.0,,2024,1835,1840505,909,4,In Stock
1177,Biotique Haircare Product,Biotique,Haircare,306,229.5,25,3.7,1997.0,,2025,800,244800,333,7,In Stock
1178,Nykaa Haircare Product,Nykaa,Haircare,983,688.1,30,3.9,1525.0,Oily,2024,1812,1781196,742,7,In Stock
1179,Lakme Skincare Product,Lakme,Skincare,490,343.0,30,3.7,2089.0,,2024,3970,1945300,3096,2,Out of Stock
1180,Himalaya Makeup Product,Himalaya,Makeup,304,258.4,15,3.7,1771.0,,2024,4510,1371040,2742,1,Out of Stock
1181,Himalaya Makeup Product,Himalaya,Makeup,291,218.25,25,3.9,2043.0,,2025,531,154521,307,7,In Stock
1182,Mamaearth Haircare Product,Mamaearth,Haircare,510,433.5,15,3.7,1159.0,,2024,203,103530,103,6,In Stock
1183,Maybelline Haircare Product,Maybelline,Haircare,488,390.4,20,4.0,1585.0,,2024,1574,768112,809,7,In Stock
1184,Lakme Haircare Product,Lakme,Haircare,691,552.8,20,4.1,1787.0,,2024,2170,1499470,1237,7,In Stock
1185,Maybelline Haircare Product,Maybelline,Haircare,1484,1187.2,20,4.4,1806.0,,2024,2393,3551212,1551,7,In Stock
1186,Himalaya Haircare Product,Himalaya,Haircare,1014,861.9,15,4.1,1758.0,,2025,1290,1308060,839,7,In Stock
1187,Nykaa Makeup Product,Nykaa,Makeup,499,374.25,25,3.7,1886.0,Oily,2025,110,54890,42,3,In Stock
1188,Mamaearth Skincare Product,Mamaearth,Skincare,508,431.8,15,4.0,1646.0,,2024,988,501904,543,3,In Stock
1189,Nykaa Makeup Product,Nykaa,Makeup,701,560.8,20,3.9,1687.0,Oily,2024,1689,1183989,854,2,In Stock
1190,Nivea Skincare Product,Nivea,Skincare,707,530.25,25,3.8,2277.0,,2025,4170,2948190,3066,7,Out of Stock
1191,Lakme Haircare Product,Lakme,Haircare,711,604.35,15,3.8,1440.0,,2024,4276,3040236,2632,1,Out of Stock
1192,Maybelline Haircare Product,Maybelline,Haircare,506,354.2,30,3.7,2100.0,,2025,3619,1831214,2049,4,Out of Stock
1193,Nivea Haircare Product,Nivea,Haircare,1506,1355.4,10,4.1,1838.0,,2024,1302,1960812,465,2,In Stock
1194,Himalaya Makeup Product,Himalaya,Makeup,508,431.8,15,3.4,830.0,,2024,4253,2160524,2563,1,Out of Stock
1195,Nykaa Haircare Product,Nykaa,Haircare,484,411.4,15,4.1,1702.0,Oily,2024,221,106964,79,7,In Stock
1196,Mamaearth Makeup Product,Mamaearth,Makeup,686,514.5,25,3.8,1347.0,,2024,1508,1034488,706,5,In Stock
1197,Himalaya Haircare Product,Himalaya,Haircare,1484,1261.4,15,4.7,2107.0,,2024,3599,5340916,1336,7,Out of Stock
1198,Nykaa Skincare Product,Nykaa,Skincare,701,595.85,15,3.8,1988.0,Combination,2024,4247,2977147,2743,3,Out of Stock
1199,Lakme Makeup Product,Lakme,Makeup,487,365.25,25,3.9,1732.0,,2024,2372,1155164,956,4,In Stock
1200,Nivea Skincare Product,Nivea,Skincare,712,569.6,20,3.7,1750.0,,2024,1686,1200432,836,6,In Stock
1201,Mamaearth Skincare Product,Mamaearth,Skincare,684,615.6,10,3.7,2248.0,,2025,3165,2164860,2366,4,Out of Stock
1202,Lakme Haircare Product,Lakme,Haircare,290,203.0,30,3.7,1733.0,,2025,4140,1200600,1664,6,Out of Stock
1203,Dove Haircare Product,Dove,Haircare,1007,855.95,15,,1516.0,,2025,3054,3075378,1691,4,Out of Stock
1204,Nivea Skincare Product,Nivea,Skincare,1494,1195.2,20,4.3,1863.0,,2025,379,566226,193,3,In Stock
1205,L'Oreal Makeup Product,L'Oreal,Makeup,507,405.6,20,3.7,1776.0,,2024,3690,1870830,1140,6,Out of Stock
1206,Minimalist Skincare Product,Minimalist,Skincare,494,419.9,15,3.8,1577.0,,2025,3944,1948336,2746,1,Out of Stock
1207,Himalaya Makeup Product,Himalaya,Makeup,680,578.0,15,4.0,1958.0,,2025,4157,2826760,1390,6,Out of Stock
1208,Lakme Skincare Product,Lakme,Skincare,507,405.6,20,4.0,2037.0,,2024,1391,705237,747,2,In Stock
1209,Nykaa Makeup Product,Nykaa,Makeup,281,238.85,15,3.7,1982.0,Combination,2025,3713,1043353,2154,1,Out of Stock
1210,Minimalist Skincare Product,Minimalist,Skincare,1479,1035.3,30,4.2,1862.0,,2024,265,391935,162,2,In Stock
1211,Minimalist Makeup Product,Minimalist,Makeup,1014,760.5,25,4.1,1984.0,,2025,388,393432,249,7,In Stock
1212,Himalaya Skincare Product,Himalaya,Skincare,1487,1040.9,30,,1506.0,,2025,4112,6114544,1754,4,Out of Stock
1213,Nivea Makeup Product,Nivea,Makeup,317,221.9,30,3.7,1847.0,,2025,2758,874286,841,1,In Stock
1214,Nivea Skincare Product,Nivea,Skincare,701,630.9,10,3.9,1697.0,,2025,3202,2244602,2118,4,Out of Stock
1215,Dove Makeup Product,Dove,Makeup,680,476.0,30,3.4,2313.0,,2025,1800,1224000,1022,7,In Stock
1216,Biotique Haircare Product,Biotique,Haircare,1516,1137.0,25,4.3,2459.0,,2024,2471,3746036,1774,5,In Stock
1217,Maybelline Haircare Product,Maybelline,Haircare,484,435.6,10,,1471.0,,2024,759,367356,539,4,In Stock
1218,L'Oreal Skincare Product,L'Oreal,Skincare,683,478.1,30,3.9,1387.0,,2024,3776,2579008,2724,7,Out of Stock
1219,Maybelline Makeup Product,Maybelline,Makeup,313,234.75,25,3.8,2200.0,,2025,3692,1155596,2003,4,Out of Stock
1220,Minimalist Makeup Product,Minimalist,Makeup,1481,1110.75,25,4.2,1964.0,,2024,4043,5987683,1887,7,Out of Stock
1221,Lakme Skincare Product,Lakme,Skincare,286,243.1,15,3.8,1924.0,,2024,538,153868,374,2,In Stock
1222,Nykaa Skincare Product,Nykaa,Skincare,990,693.0,30,4.1,1708.0,Dry,2024,96,95040,50,7,In Stock
1223,Maybelline Makeup Product,Maybelline,Makeup,318,270.3,15,3.7,1701.0,,2025,3409,1084062,1335,6,Out of Stock
1224,Lakme Haircare Product,Lakme,Haircare,1010,858.5,15,3.9,1866.0,,2024,4923,4972230,3581,5,Out of Stock
1225,Minimalist Skincare Product,Minimalist,Skincare,1500,1350.0,10,4.4,2065.0,,2024,4856,7284000,3599,4,Out of Stock
1226,Lakme Makeup Product,Lakme,Makeup,485,363.75,25,3.5,1774.0,,2024,450,218250,239,7,In Stock
1227,Mamaearth Haircare Product,Mamaearth,Haircare,704,598.4,15,4.1,1774.0,,2025,4040,2844160,1364,7,Out of Stock
1228,Minimalist Haircare Product,Minimalist,Haircare,311,279.9,10,3.6,1305.0,,2025,3207,997377,1583,4,Out of Stock
1229,Mamaearth Skincare Product,Mamaearth,Skincare,695,590.75,15,3.4,1914.0,,2025,4395,3054525,3084,5,Out of Stock
1230,Mamaearth Skincare Product,Mamaearth,Skincare,717,501.9,30,3.7,2062.0,,2024,440,315480,330,5,In Stock
1231,Minimalist Haircare Product,Minimalist,Haircare,317,269.45,15,3.8,1801.0,,2025,3903,1237251,1567,7,Out of Stock
1232,Lakme Haircare Product,Lakme,Haircare,297,237.6,20,3.7,1980.0,,2025,4480,1330560,1494,1,Out of Stock
1233,Dove Makeup Product,Dove,Makeup,498,448.2,10,3.7,1620.0,,2024,678,337644,500,2,In Stock
1234,Biotique Makeup Product,Biotique,Makeup,1489,1191.2,20,4.1,1968.0,,2024,4282,6375898,2118,5,Out of Stock
1235,L'Oreal Skincare Product,L'Oreal,Skincare,294,235.2,20,4.1,2370.0,,2024,2980,876120,1701,5,In Stock
1236,Mamaearth Makeup Product,Mamaearth,Makeup,1013,911.7,10,3.8,2121.0,,2025,1571,1591423,1231,3,In Stock
1237,L'Oreal Makeup Product,L'Oreal,Makeup,310,279.0,10,3.3,1654.0,,2025,876,271560,291,6,In Stock
1238,Himalaya Makeup Product,Himalaya,Makeup,280,252.0,10,3.9,1654.0,,2024,4872,1364160,3040,5,Out of Stock
1239,Minimalist Haircare Product,Minimalist,Haircare,279,195.3,30,3.8,1518.0,,2024,1550,432450,522,2,In Stock
1240,Nivea Makeup Product,Nivea,Makeup,1504,1353.6,10,4.3,1785.0,,2024,3344,5029376,1630,6,Out of Stock
1241,Mamaearth Makeup Product,Mamaearth,Makeup,509,407.2,20,3.7,1341.0,,2024,2469,1256721,1733,6,In Stock
1242,Maybelline Haircare Product,Maybelline,Haircare,502,351.4,30,4.1,1987.0,,2024,984,493968,508,4,In Stock
1243,Lakme Skincare Product,Lakme,Skincare,710,532.5,25,3.5,1799.0,,2025,3092,2195320,2469,4,Out of Stock
1244,Mamaearth Haircare Product,Mamaearth,Haircare,487,365.25,25,3.6,1703.0,,2025,4547,2214389,2635,4,Out of Stock
1245,Nykaa Haircare Product,Nykaa,Haircare,500,400.0,20,3.7,1690.0,Oily,2025,1516,758000,698,4,In Stock
1246,Biotique Haircare Product,Biotique,Haircare,689,620.1,10,3.9,2226.0,,2024,3611,2487979,1480,3,Out of Stock
1247,Biotique Skincare Product,Biotique,Skincare,690,552.0,20,4.1,1623.0,,2024,664,458160,315,5,In Stock
1248,Lakme Haircare Product,Lakme,Haircare,504,378.0,25,3.9,1737.0,,2025,1232,620928,599,4,In Stock
1249,Lakme Makeup Product,Lakme,Makeup,704,563.2,20,3.4,1521.0,,2025,3273,2304192,1094,7,Out of Stock
1250,Nykaa Haircare Product,Nykaa,Haircare,686,480.2,30,3.9,1636.0,Dry,2024,2717,1863862,1317,1,In Stock
1251,Nivea Skincare Product,Nivea,Skincare,492,418.2,15,3.9,1824.0,,2024,180,88560,95,4,In Stock
1252,Himalaya Skincare Product,Himalaya,Skincare,990,792.0,20,4.2,2124.0,,2025,3033,3002670,2005,5,Out of Stock
1253,Nivea Makeup Product,Nivea,Makeup,700,490.0,30,3.8,1512.0,,2024,4328,3029600,2719,4,Out of Stock
1254,Biotique Makeup Product,Biotique,Makeup,501,350.7,30,3.5,1628.0,,2025,4509,2259009,2950,3,Out of Stock
1255,Nivea Haircare Product,Nivea,Haircare,715,500.5,30,3.8,1805.0,,2025,88,62920,26,2,In Stock
1256,Minimalist Skincare Product,Minimalist,Skincare,709,602.65,15,3.9,2075.0,,2024,4009,2842381,1639,2,Out of Stock
1257,Mamaearth Haircare Product,Mamaearth,Haircare,480,336.0,30,3.7,1668.0,,2024,3637,1745760,2294,5,Out of Stock
1258,Dove Haircare Product,Dove,Haircare,992,744.0,25,3.9,1706.0,,2024,970,962240,525,7,In Stock
1259,Dove Makeup Product,Dove,Makeup,696,487.2,30,3.8,1751.0,,2024,2819,1962024,853,2,In Stock
1260,Nivea Haircare Product,Nivea,Haircare,700,630.0,10,3.9,1928.0,,2025,4161,2912700,2922,2,Out of Stock
1261,Nivea Haircare Product,Nivea,Haircare,1512,1209.6,20,4.1,1896.0,,2024,542,819504,372,1,In Stock
1262,Biotique Makeup Product,Biotique,Makeup,1506,1204.8,20,4.1,1313.0,,2024,1181,1778586,678,5,In Stock
1263,Nykaa Haircare Product,Nykaa,Haircare,486,364.5,25,4.0,1601.0,Dry,2025,3571,1735506,1189,7,Out of Stock
1264,Lakme Haircare Product,Lakme,Haircare,312,265.2,15,3.7,1606.0,,2025,360,112320,245,5,In Stock
1265,Biotique Haircare Product,Biotique,Haircare,1017,762.75,25,4.0,1132.0,,2024,788,801396,466,2,In Stock
1266,L'Oreal Haircare Product,L'Oreal,Haircare,983,786.4,20,3.5,1707.0,,2024,3291,3235053,2274,2,Out of Stock
1267,Dove Skincare Product,Dove,Skincare,498,398.4,20,4.0,2187.0,,2025,595,296310,402,2,In Stock
1268,Lakme Skincare Product,Lakme,Skincare,701,490.7,30,3.7,1535.0,,2024,2511,1760211,1761,6,In Stock
1269,Nivea Makeup Product,Nivea,Makeup,687,549.6,20,3.6,1829.0,,2024,4396,3020052,2457,3,Out of Stock
1270,Maybelline Haircare Product,Maybelline,Haircare,503,377.25,25,3.8,1499.0,,2025,4904,2466712,1815,4,Out of Stock
1271,L'Oreal Makeup Product,L'Oreal,Makeup,718,610.3,15,4.1,1162.0,,2024,1854,1331172,1178,3,In Stock
1272,Nivea Haircare Product,Nivea,Haircare,999,799.2,20,,1943.0,,2024,3262,3258738,1990,5,Out of Stock
1273,Nivea Haircare Product,Nivea,Haircare,497,397.6,20,3.7,1330.0,,2024,3860,1918420,2590,1,Out of Stock
1274,Minimalist Makeup Product,Minimalist,Makeup,490,392.0,20,,1693.0,,2024,863,422870,332,4,In Stock
1275,Himalaya Haircare Product,Himalaya,Haircare,708,601.8,15,4.3,2219.0,,2024,4174,2955192,1659,1,Out of Stock
1276,Lakme Skincare Product,Lakme,Skincare,1511,1133.25,25,4.5,1956.0,,2025,2082,3145902,1551,7,In Stock
1277,L'Oreal Skincare Product,L'Oreal,Skincare,679,543.2,20,3.6,,,2025,4622,3138338,3119,6,Out of Stock
1278,Nykaa Makeup Product,Nykaa,Makeup,1495,1345.5,10,4.2,1682.0,Combination,2024,4463,6672185,3365,5,Out of Stock
1279,Himalaya Haircare Product,Himalaya,Haircare,685,479.5,30,4.0,1436.0,,2025,294,201390,199,6,In Stock
1280,Lakme Skincare Product,Lakme,Skincare,500,400.0,20,3.5,1824.0,,2024,4893,2446500,2928,5,Out of Stock
1281,Himalaya Makeup Product,Himalaya,Makeup,1505,1128.75,25,4.3,1186.0,,2025,4842,7287210,3036,1,Out of Stock
1282,L'Oreal Haircare Product,L'Oreal,Haircare,995,895.5,10,4.4,1967.0,,2025,321,319395,239,1,In Stock
1283,Himalaya Makeup Product,Himalaya,Makeup,1487,1338.3,10,4.3,1944.0,,2024,3561,5295207,2098,1,Out of Stock
1284,Nivea Makeup Product,Nivea,Makeup,1499,1049.3,30,4.3,1759.0,,2024,1821,2729679,1122,5,In Stock
1285,Dove Skincare Product,Dove,Skincare,291,261.9,10,3.6,1489.0,,2025,1312,381792,496,2,In Stock
1286,Himalaya Skincare Product,Himalaya,Skincare,487,438.3,10,4.0,1454.0,,2025,2474,1204838,1328,1,In Stock
1287,Mamaearth Haircare Product,Mamaearth,Haircare,503,452.7,10,3.9,2713.0,,2025,4411,2218733,2903,6,Out of Stock
1288,Lakme Skincare Product,Lakme,Skincare,492,442.8,10,3.7,1331.0,,2025,970,477240,422,7,In Stock
1289,Minimalist Makeup Product,Minimalist,Makeup,1013,709.1,30,4.2,2268.0,,2024,3480,3525240,1395,4,Out of Stock
1290,Nykaa Haircare Product,Nykaa,Haircare,994,695.8,30,,1885.0,Dry,2025,4485,4458090,2049,5,Out of Stock
1291,Biotique Skincare Product,Biotique,Skincare,1517,1137.75,25,4.2,2287.0,,2024,4534,6878078,1907,6,Out of Stock
1292,Mamaearth Haircare Product,Mamaearth,Haircare,518,466.2,10,3.9,1761.0,,2024,2674,1385132,1089,3,In Stock
1293,L'Oreal Makeup Product,L'Oreal,Makeup,1003,752.25,25,4.0,1320.0,,2024,3810,3821430,1952,7,Out of Stock
1294,Nykaa Haircare Product,Nykaa,Haircare,1506,1129.5,25,4.0,1667.0,Dry,2025,2100,3162600,1583,3,In Stock
1295,Nykaa Makeup Product,Nykaa,Makeup,298,253.3,15,3.4,2056.0,Combination,2025,3550,1057900,1965,4,Out of Stock
1296,Dove Haircare Product,Dove,Haircare,703,492.1,30,4.0,2291.0,,2025,1215,854145,478,2,In Stock
1297,Himalaya Makeup Product,Himalaya,Makeup,1483,1038.1,30,4.1,1828.0,,2025,425,630275,143,1,In Stock
1298,Dove Makeup Product,Dove,Makeup,717,573.6,20,3.8,2122.0,,2025,2083,1493511,1349,5,In Stock
1299,L'Oreal Haircare Product,L'Oreal,Haircare,305,274.5,10,3.6,1179.0,,2025,195,59475,95,6,In Stock
1300,Himalaya Makeup Product,Himalaya,Makeup,1007,855.95,15,3.9,2002.0,,2024,4438,4469066,3155,1,Out of Stock
1301,Lakme Skincare Product,Lakme,Skincare,1507,1356.3,10,4.1,2020.0,,2025,481,724867,302,6,In Stock
1302,Lakme Makeup Product,Lakme,Makeup,990,891.0,10,3.9,1555.0,,2025,754,746460,526,5,In Stock
1303,Biotique Skincare Product,Biotique,Skincare,1010,909.0,10,4.2,2035.0,,2024,2682,2708820,1169,3,In Stock
1304,Dove Haircare Product,Dove,Haircare,513,436.05,15,3.7,1252.0,,2025,4544,2331072,2936,1,Out of Stock
1305,Nykaa Makeup Product,Nykaa,Makeup,1496,1346.4,10,4.4,1413.0,Oily,2025,1013,1515448,437,4,In Stock
1306,Biotique Makeup Product,Biotique,Makeup,688,619.2,10,4.2,1865.0,,2024,2284,1571392,1757,2,In Stock
1307,L'Oreal Haircare Product,L'Oreal,Haircare,698,488.6,30,3.9,1741.0,,2025,2091,1459518,1292,4,In Stock
1308,Minimalist Skincare Product,Minimalist,Skincare,1494,1195.2,20,4.0,1971.0,,2024,1878,2805732,868,2,In Stock
1309,Nivea Skincare Product,Nivea,Skincare,1512,1209.6,20,4.0,2388.0,,2025,2158,3262896,938,7,In Stock
1310,Himalaya Haircare Product,Himalaya,Haircare,712,605.2,15,4.0,,,2025,4118,2932016,1628,6,Out of Stock
1311,Minimalist Makeup Product,Minimalist,Makeup,281,224.8,20,3.6,1616.0,,2024,988,277628,639,1,In Stock
1312,Mamaearth Skincare Product,Mamaearth,Skincare,1008,907.2,10,4.0,1997.0,,2025,4855,4893840,1987,1,Out of Stock
1313,Maybelline Skincare Product,Maybelline,Skincare,505,404.0,20,3.6,1935.0,,2024,856,432280,511,7,In Stock
1314,Nivea Makeup Product,Nivea,Makeup,716,572.8,20,4.3,2053.0,,2025,1513,1083308,654,2,In Stock
1315,Nivea Makeup Product,Nivea,Makeup,1015,913.5,10,4.0,1492.0,,2024,3465,3516975,2186,3,Out of Stock
1316,Nykaa Makeup Product,Nykaa,Makeup,1518,1214.4,20,4.0,2199.0,Combination,2025,60,91080,42,5,In Stock
1317,Biotique Makeup Product,Biotique,Makeup,684,581.4,15,4.1,1811.0,,2024,1918,1311912,1321,4,In Stock
1318,Maybelline Haircare Product,Maybelline,Haircare,290,203.0,30,3.5,,,2024,4917,1425930,3345,7,Out of Stock
1319,Nykaa Haircare Product,Nykaa,Haircare,314,219.8,30,,1438.0,Combination,2025,934,293276,367,6,In Stock
1320,L'Oreal Skincare Product,L'Oreal,Skincare,285,242.25,15,3.5,1883.0,,2024,3614,1029990,1243,7,Out of Stock
1321,Dove Makeup Product,Dove,Makeup,285,242.25,15,3.4,1964.0,,2025,1439,410115,934,4,In Stock
1322,Nivea Skincare Product,Nivea,Skincare,991,792.8,20,3.9,1821.0,,2025,3451,3419941,1670,4,Out of Stock
1323,Biotique Haircare Product,Biotique,Haircare,290,246.5,15,3.7,2169.0,,2024,4371,1267590,2256,6,Out of Stock
1324,Nivea Skincare Product,Nivea,Skincare,1509,1282.65,15,4.3,,,2024,874,1318866,275,6,In Stock
1325,Dove Skincare Product,Dove,Skincare,517,387.75,25,3.9,1593.0,,2025,2315,1196855,994,1,In Stock
1326,L'Oreal Skincare Product,L'Oreal,Skincare,1515,1363.5,10,4.4,2151.0,,2024,986,1493790,312,4,In Stock
1327,L'Oreal Makeup Product,L'Oreal,Makeup,1515,1287.75,15,4.2,1752.0,,2024,2850,4317750,2107,5,In Stock
1328,Dove Makeup Product,Dove,Makeup,1504,1353.6,10,4.4,1526.0,,2024,2603,3914912,1097,5,In Stock
1329,Biotique Haircare Product,Biotique,Haircare,1517,1289.45,15,,1925.0,,2025,3895,5908715,2253,2,Out of Stock
1330,Biotique Makeup Product,Biotique,Makeup,315,220.5,30,3.6,1193.0,,2024,1846,581490,589,7,In Stock
1331,Mamaearth Makeup Product,Mamaearth,Makeup,311,279.9,10,3.4,1682.0,,2025,103,32033,65,6,In Stock
1332,L'Oreal Makeup Product,L'Oreal,Makeup,989,890.1,10,4.0,1201.0,,2025,776,767464,358,1,In Stock
1333,L'Oreal Skincare Product,L'Oreal,Skincare,281,238.85,15,3.8,1652.0,,2025,2786,782866,2086,5,In Stock
1334,Mamaearth Haircare Product,Mamaearth,Haircare,300,210.0,30,3.7,1357.0,,2024,3220,966000,2395,3,Out of Stock
1335,Maybelline Makeup Product,Maybelline,Makeup,1482,1111.5,25,4.2,1860.0,,2024,1963,2909166,908,1,In Stock
1336,Minimalist Skincare Product,Minimalist,Skincare,1503,1277.55,15,4.2,1844.0,,2025,1646,2473938,1235,1,In Stock
1337,Lakme Haircare Product,Lakme,Haircare,995,696.5,30,4.0,,,2025,1964,1954180,1567,5,In Stock
1338,Maybelline Skincare Product,Maybelline,Skincare,703,562.4,20,3.9,1593.0,,2025,2516,1768748,1793,3,In Stock
1339,Nivea Haircare Product,Nivea,Haircare,305,213.5,30,3.6,2151.0,,2025,2787,850035,2013,2,In Stock
1340,L'Oreal Haircare Product,L'Oreal,Haircare,708,566.4,20,3.7,1635.0,,2024,899,636492,381,5,In Stock
1341,Nivea Skincare Product,Nivea,Skincare,1007,805.6,20,4.2,2571.0,,2024,2159,2174113,1270,3,In Stock
1342,Lakme Makeup Product,Lakme,Makeup,301,225.75,25,3.7,1296.0,,2025,52,15652,17,1,In Stock
1343,Dove Makeup Product,Dove,Makeup,488,414.8,15,3.8,1436.0,,2024,4305,2100840,1495,3,Out of Stock
1344,Minimalist Makeup Product,Minimalist,Makeup,1001,800.8,20,3.8,2003.0,,2024,4119,4123119,3292,1,Out of Stock
1345,Maybelline Skincare Product,Maybelline,Skincare,284,241.4,15,3.5,1892.0,,2024,4926,1398984,2282,7,Out of Stock
1346,L'Oreal Makeup Product,L'Oreal,Makeup,1493,1269.05,15,4.1,1527.0,,2025,942,1406406,634,5,In Stock
1347,Nivea Makeup Product,Nivea,Makeup,1484,1187.2,20,4.5,1950.0,,2024,2080,3086720,1462,6,In Stock
1348,Himalaya Skincare Product,Himalaya,Skincare,990,792.0,20,4.2,1601.0,,2025,3210,3177900,2340,5,Out of Stock
1349,Dove Skincare Product,Dove,Skincare,714,535.5,25,4.0,1826.0,,2025,2426,1732164,1937,7,In Stock
1350,Maybelline Makeup Product,Maybelline,Makeup,302,271.8,10,3.7,1991.0,,2024,4725,1426950,1988,4,Out of Stock
1351,Nivea Haircare Product,Nivea,Haircare,288,216.0,25,3.4,1893.0,,2024,1983,571104,634,4,In Stock
1352,Nivea Haircare Product,Nivea,Haircare,709,567.2,20,3.9,1511.0,,2025,1430,1013870,723,4,In Stock
1353,L'Oreal Skincare Product,L'Oreal,Skincare,1506,1280.1,15,4.0,1707.0,,2024,3731,5618886,1361,5,Out of Stock
1354,Lakme Makeup Product,Lakme,Makeup,502,426.7,15,3.7,1295.0,,2024,1340,672680,417,2,In Stock
1355,Nykaa Haircare Product,Nykaa,Haircare,485,412.25,15,3.8,2261.0,Oily,2025,1690,819650,811,5,In Stock
1356,Dove Makeup Product,Dove,Makeup,297,252.45,15,,1636.0,,2024,2732,811404,1890,7,In Stock
1357,Minimalist Skincare Product,Minimalist,Skincare,1502,1126.5,25,4.5,1654.0,,2024,1037,1557574,604,7,In Stock
1358,Himalaya Haircare Product,Himalaya,Haircare,479,431.1,10,3.9,1882.0,,2025,1268,607372,578,6,In Stock
1359,L'Oreal Haircare Product,L'Oreal,Haircare,702,526.5,25,3.6,1937.0,,2024,1405,986310,881,3,In Stock
1360,Mamaearth Haircare Product,Mamaearth,Haircare,480,432.0,10,3.8,1646.0,,2024,4315,2071200,1795,5,Out of Stock
1361,Mamaearth Makeup Product,Mamaearth,Makeup,707,494.9,30,3.4,1895.0,,2024,4666,3298862,1433,5,Out of Stock
1362,Nivea Makeup Product,Nivea,Makeup,506,354.2,30,3.6,1743.0,,2025,4185,2117610,2854,1,Out of Stock
1363,Maybelline Makeup Product,Maybelline,Makeup,692,519.0,25,4.1,1999.0,,2024,1610,1114120,985,7,In Stock
1364,Nykaa Skincare Product,Nykaa,Skincare,510,433.5,15,3.5,2109.0,Oily,2025,1468,748680,999,1,In Stock
1365,Himalaya Haircare Product,Himalaya,Haircare,480,432.0,10,4.1,1957.0,,2024,1004,481920,320,1,In Stock
1366,Minimalist Makeup Product,Minimalist,Makeup,1005,904.5,10,4.2,1752.0,,2024,1033,1038165,742,5,In Stock
1367,Minimalist Haircare Product,Minimalist,Haircare,287,215.25,25,4.0,1968.0,,2025,1024,293888,624,2,In Stock
1368,Biotique Haircare Product,Biotique,Haircare,1482,1333.8,10,4.4,1585.0,,2024,4183,6199206,2433,3,Out of Stock
1369,Himalaya Skincare Product,Himalaya,Skincare,1017,915.3,10,4.1,1579.0,,2024,4022,4090374,2462,3,Out of Stock
1370,Nykaa Skincare Product,Nykaa,Skincare,1494,1344.6,10,4.5,2009.0,Oily,2025,963,1438722,705,7,In Stock
1371,Lakme Skincare Product,Lakme,Skincare,1511,1284.35,15,4.2,2251.0,,2025,4599,6949089,2729,6,Out of Stock
1372,Lakme Skincare Product,Lakme,Skincare,488,366.0,25,4.0,2095.0,,2025,86,41968,50,7,In Stock
1373,Nykaa Haircare Product,Nykaa,Haircare,1496,1047.2,30,4.5,1963.0,Dry,2024,3437,5141752,2733,2,Out of Stock
1374,Nykaa Makeup Product,Nykaa,Makeup,1488,1339.2,10,4.2,2137.0,Combination,2024,1761,2620368,1194,2,In Stock
1375,Nivea Makeup Product,Nivea,Makeup,683,614.7,10,3.9,1475.0,,2024,3070,2096810,1599,3,Out of Stock
1376,L'Oreal Haircare Product,L'Oreal,Haircare,1003,802.4,20,4.1,2177.0,,2025,845,847535,552,4,In Stock
1377,Nykaa Skincare Product,Nykaa,Skincare,311,248.8,20,3.5,1745.0,Combination,2025,4086,1270746,2020,1,Out of Stock
1378,Minimalist Skincare Product,Minimalist,Skincare,507,430.95,15,3.7,1971.0,,2025,4738,2402166,1963,1,Out of Stock
1379,Lakme Makeup Product,Lakme,Makeup,1506,1129.5,25,4.0,1928.0,,2025,3161,4760466,1891,3,Out of Stock
1380,Lakme Makeup Product,Lakme,Makeup,718,610.3,15,3.6,1797.0,,2024,1374,986532,1049,7,In Stock
1381,Minimalist Skincare Product,Minimalist,Skincare,317,221.9,30,3.3,1670.0,,2024,367,116339,280,2,In Stock
1382,Nykaa Skincare Product,Nykaa,Skincare,1498,1273.3,15,4.3,2187.0,Combination,2024,2446,3664108,1151,7,In Stock
1383,Minimalist Skincare Product,Minimalist,Skincare,1488,1116.0,25,3.9,1508.0,,2025,2212,3291456,1247,6,In Stock
1384,Lakme Skincare Product,Lakme,Skincare,306,214.2,30,3.7,1461.0,,2025,2795,855270,1134,4,In Stock
1385,Minimalist Skincare Product,Minimalist,Skincare,1492,1193.6,20,4.0,2210.0,,2025,1641,2448372,1309,3,In Stock
1386,Mamaearth Skincare Product,Mamaearth,Skincare,1509,1358.1,10,4.2,2316.0,,2024,3161,4769949,2498,1,Out of Stock
1387,Himalaya Skincare Product,Himalaya,Skincare,1491,1192.8,20,4.3,1734.0,,2025,3980,5934180,2486,5,Out of Stock
1388,Himalaya Skincare Product,Himalaya,Skincare,280,196.0,30,3.7,1539.0,,2024,2046,572880,1436,7,In Stock
1389,Minimalist Skincare Product,Minimalist,Skincare,503,402.4,20,3.7,2296.0,,2025,1362,685086,895,2,In Stock
1390,Lakme Skincare Product,Lakme,Skincare,512,409.6,20,3.9,2026.0,,2024,1335,683520,796,5,In Stock
1391,Mamaearth Haircare Product,Mamaearth,Haircare,480,408.0,15,3.5,1714.0,,2025,4361,2093280,1424,6,Out of Stock
1392,L'Oreal Makeup Product,L'Oreal,Makeup,286,243.1,15,3.6,1454.0,,2025,2433,695838,1283,3,In Stock
1393,Mamaearth Makeup Product,Mamaearth,Makeup,483,410.55,15,3.6,,,2025,3289,1588587,2096,7,Out of Stock
1394,L'Oreal Skincare Product,L'Oreal,Skincare,698,523.5,25,3.6,1066.0,,2025,2189,1527922,1398,1,In Stock
1395,Himalaya Makeup Product,Himalaya,Makeup,1484,1113.0,25,4.3,1904.0,,2024,1754,2602936,853,7,In Stock
1396,Nykaa Skincare Product,Nykaa,Skincare,284,198.8,30,3.4,1920.0,Combination,2024,412,117008,317,4,In Stock
1397,Dove Skincare Product,Dove,Skincare,685,582.25,15,3.9,1680.0,,2024,2654,1817990,1018,5,In Stock
1398,Biotique Skincare Product,Biotique,Skincare,514,359.8,30,3.5,1372.0,,2024,1766,907724,971,4,In Stock
1399,Nykaa Haircare Product,Nykaa,Haircare,306,214.2,30,3.5,1701.0,Combination,2024,4501,1377306,2905,6,Out of Stock
1400,Himalaya Haircare Product,Himalaya,Haircare,1510,1283.5,15,4.2,2175.0,,2024,4336,6547360,2812,1,Out of Stock
1401,Maybelline Haircare Product,Maybelline,Haircare,516,438.6,15,3.9,1548.0,,2025,3788,1954608,2364,5,Out of Stock
1402,Maybelline Haircare Product,Maybelline,Haircare,288,216.0,25,3.8,1744.0,,2024,2519,725472,1102,6,In Stock
1403,Biotique Haircare Product,Biotique,Haircare,692,519.0,25,3.7,1621.0,,2025,4845,3352740,1831,4,Out of Stock
1404,Dove Makeup Product,Dove,Makeup,489,342.3,30,3.1,2057.0,,2024,606,296334,374,4,In Stock
1405,Maybelline Makeup Product,Maybelline,Makeup,992,843.2,15,3.8,1747.0,,2025,875,868000,524,5,In Stock
1406,L'Oreal Makeup Product,L'Oreal,Makeup,496,446.4,10,3.6,1534.0,,2025,2858,1417568,1113,1,In Stock
1407,Nykaa Makeup Product,Nykaa,Makeup,986,788.8,20,4.1,1636.0,Dry,2025,4571,4507006,2982,4,Out of Stock
1408,Nykaa Makeup Product,Nykaa,Makeup,687,480.9,30,3.9,1959.0,All,2024,2769,1902303,1460,3,In Stock
1409,Nivea Skincare Product,Nivea,Skincare,686,514.5,25,3.9,2009.0,,2025,3558,2440788,2255,6,Out of Stock
1410,Nykaa Makeup Product,Nykaa,Makeup,1005,703.5,30,4.4,2071.0,Dry,2024,3791,3809955,2724,5,Out of Stock
1411,Nykaa Haircare Product,Nykaa,Haircare,990,891.0,10,4.2,2259.0,All,2024,1624,1607760,625,2,In Stock
1412,Maybelline Skincare Product,Maybelline,Skincare,491,368.25,25,3.6,1697.0,,2024,4048,1987568,1253,2,Out of Stock
1413,L'Oreal Skincare Product,L'Oreal,Skincare,980,833.0,15,3.8,,,2024,2179,2135420,1502,1,In Stock
1414,Himalaya Haircare Product,Himalaya,Haircare,311,217.7,30,3.8,1653.0,,2024,2453,762883,1483,3,In Stock
1415,Dove Skincare Product,Dove,Skincare,1494,1269.9,15,,1799.0,,2025,3379,5048226,2195,4,Out of Stock
1416,Lakme Haircare Product,Lakme,Haircare,981,686.7,30,3.9,2109.0,,2024,638,625878,458,2,In Stock
1417,Lakme Skincare Product,Lakme,Skincare,711,568.8,20,4.2,1626.0,,2024,2062,1466082,1446,1,In Stock
1418,Biotique Makeup Product,Biotique,Makeup,293,219.75,25,3.7,1513.0,,2024,1597,467921,1246,6,In Stock
1419,Maybelline Haircare Product,Maybelline,Haircare,289,202.3,30,3.8,1919.0,,2024,344,99416,195,3,In Stock
1420,Himalaya Makeup Product,Himalaya,Makeup,297,252.45,15,4.0,1821.0,,2024,2035,604395,1107,3,In Stock
1421,Maybelline Makeup Product,Maybelline,Makeup,287,243.95,15,3.9,1757.0,,2024,3167,908929,1586,7,Out of Stock
1422,Nivea Haircare Product,Nivea,Haircare,1503,1052.1,30,4.2,1797.0,,2025,1740,2615220,655,1,In Stock
1423,Dove Skincare Product,Dove,Skincare,996,896.4,10,4.4,1762.0,,2025,1186,1181256,695,1,In Stock
1424,Minimalist Haircare Product,Minimalist,Haircare,305,274.5,10,3.7,1614.0,,2025,2114,644770,927,7,In Stock
1425,Nivea Haircare Product,Nivea,Haircare,707,565.6,20,3.6,1960.0,,2024,4505,3185035,3426,4,Out of Stock
1426,Minimalist Skincare Product,Minimalist,Skincare,317,269.45,15,3.7,,,2024,4845,1535865,2866,1,Out of Stock
1427,Maybelline Makeup Product,Maybelline,Makeup,1494,1344.6,10,4.2,1942.0,,2025,4593,6861942,2739,7,Out of Stock
1428,L'Oreal Skincare Product,L'Oreal,Skincare,979,832.15,15,4.0,2550.0,,2024,4820,4718780,2301,4,Out of Stock
1429,Mamaearth Skincare Product,Mamaearth,Skincare,682,613.8,10,3.7,1974.0,,2025,1057,720874,344,4,In Stock
1430,Biotique Haircare Product,Biotique,Haircare,289,216.75,25,,1295.0,,2025,2564,740996,809,5,In Stock
1431,Minimalist Haircare Product,Minimalist,Haircare,687,583.95,15,3.8,,,2025,3576,2456712,1829,3,Out of Stock
1432,L'Oreal Haircare Product,L'Oreal,Haircare,1010,909.0,10,3.9,1875.0,,2025,4731,4778310,1619,6,Out of Stock
1433,Nykaa Makeup Product,Nykaa,Makeup,686,480.2,30,4.0,1814.0,Combination,2024,1297,889742,782,3,In Stock
1434,Maybelline Skincare Product,Maybelline,Skincare,308,261.8,15,3.6,2016.0,,2025,3952,1217216,2926,3,Out of Stock
1435,Lakme Haircare Product,Lakme,Haircare,304,258.4,15,3.6,1711.0,,2025,1485,451440,1101,5,In Stock
1436,Nivea Haircare Product,Nivea,Haircare,994,695.8,30,4.1,1520.0,,2025,621,617274,390,4,In Stock
1437,Mamaearth Makeup Product,Mamaearth,Makeup,686,583.1,15,3.9,1754.0,,2024,2432,1668352,986,4,In Stock
1438,L'Oreal Skincare Product,L'Oreal,Skincare,286,214.5,25,3.8,1583.0,,2025,1295,370370,947,1,In Stock
1439,Biotique Haircare Product,Biotique,Haircare,1010,909.0,10,4.3,1977.0,,2024,2134,2155340,1585,5,In Stock
1440,Maybelline Skincare Product,Maybelline,Skincare,993,695.1,30,4.4,1809.0,,2024,327,324711,130,1,In Stock
1441,Dove Skincare Product,Dove,Skincare,1502,1201.6,20,3.9,2064.0,,2025,1937,2909374,1295,5,In Stock
1442,Nivea Skincare Product,Nivea,Skincare,305,228.75,25,4.0,1765.0,,2024,4629,1411845,2051,1,Out of Stock
1443,Nivea Makeup Product,Nivea,Makeup,295,221.25,25,3.4,1329.0,,2025,1315,387925,922,2,In Stock
1444,Nivea Makeup Product,Nivea,Makeup,1496,1346.4,10,4.1,1527.0,,2024,4876,7294496,3894,7,Out of Stock
1445,Himalaya Skincare Product,Himalaya,Skincare,488,414.8,15,3.7,2031.0,,2025,1090,531920,343,3,In Stock
1446,Minimalist Haircare Product,Minimalist,Haircare,1481,1258.85,15,4.1,1964.0,,2024,967,1432127,723,3,In Stock
1447,Mamaearth Skincare Product,Mamaearth,Skincare,1490,1117.5,25,4.1,1922.0,,2024,935,1393150,571,6,In Stock
1448,Dove Haircare Product,Dove,Haircare,1518,1138.5,25,4.3,2276.0,,2024,2802,4253436,2204,7,In Stock
1449,Biotique Haircare Product,Biotique,Haircare,508,457.2,10,3.7,1642.0,,2025,71,36068,37,4,In Stock
1450,Biotique Makeup Product,Biotique,Makeup,496,421.6,15,4.1,1683.0,,2025,4619,2291024,3342,6,Out of Stock
1451,Lakme Haircare Product,Lakme,Haircare,487,438.3,10,3.8,1618.0,,2025,3241,1578367,1073,2,Out of Stock
1452,L'Oreal Makeup Product,L'Oreal,Makeup,1012,910.8,10,4.2,2087.0,,2025,2403,2431836,1123,6,In Stock
1453,Minimalist Skincare Product,Minimalist,Skincare,1499,1349.1,10,4.5,1508.0,,2025,4849,7268651,1617,3,Out of Stock
1454,Lakme Makeup Product,Lakme,Makeup,1009,706.3,30,3.9,1942.0,,2025,736,742624,579,4,In Stock
1455,Minimalist Makeup Product,Minimalist,Makeup,693,519.75,25,4.0,1530.0,,2025,334,231462,236,2,In Stock
1456,Nivea Makeup Product,Nivea,Makeup,496,372.0,25,3.2,1633.0,,2025,4861,2411056,3530,3,Out of Stock
1457,Mamaearth Makeup Product,Mamaearth,Makeup,684,513.0,25,3.9,1699.0,,2024,3797,2597148,2919,7,Out of Stock
1458,Maybelline Skincare Product,Maybelline,Skincare,690,552.0,20,4.1,1618.0,,2024,812,560280,278,1,In Stock
1459,Minimalist Makeup Product,Minimalist,Makeup,702,596.7,15,3.9,1874.0,,2025,2478,1739556,1221,5,In Stock
1460,Mamaearth Skincare Product,Mamaearth,Skincare,514,436.9,15,3.7,1500.0,,2024,2557,1314298,857,2,In Stock
1461,Nykaa Skincare Product,Nykaa,Skincare,988,889.2,10,4.0,2023.0,Combination,2024,78,77064,31,4,In Stock
1462,Biotique Haircare Product,Biotique,Haircare,303,272.7,10,3.7,1680.0,,2025,956,289668,396,6,In Stock
1463,Biotique Haircare Product,Biotique,Haircare,703,597.55,15,3.6,1726.0,,2024,3154,2217262,1685,7,Out of Stock
1464,Maybelline Skincare Product,Maybelline,Skincare,682,613.8,10,3.8,1303.0,,2025,4049,2761418,1758,6,Out of Stock
1465,Mamaearth Makeup Product,Mamaearth,Makeup,497,422.45,15,3.7,1887.0,,2025,3044,1512868,1066,2,Out of Stock
1466,Nykaa Makeup Product,Nykaa,Makeup,1509,1207.2,20,4.5,1750.0,Combination,2024,2556,3857004,980,7,In Stock
1467,Mamaearth Skincare Product,Mamaearth,Skincare,501,350.7,30,3.5,1709.0,,2025,4715,2362215,1761,4,Out of Stock
1468,Mamaearth Skincare Product,Mamaearth,Skincare,1005,804.0,20,4.0,1719.0,,2024,3659,3677295,2877,2,Out of Stock
1469,Lakme Skincare Product,Lakme,Skincare,1489,1116.75,25,4.4,1785.0,,2024,3603,5364867,2448,4,Out of Stock
1470,Biotique Skincare Product,Biotique,Skincare,1487,1263.95,15,4.2,1832.0,,2025,1503,2234961,1178,6,In Stock
1471,Nykaa Skincare Product,Nykaa,Skincare,1517,1137.75,25,4.4,1779.0,Dry,2024,4883,7407511,2538,3,Out of Stock
1472,Dove Skincare Product,Dove,Skincare,981,833.85,15,4.3,2107.0,,2025,3406,3341286,1495,7,Out of Stock
1473,Nykaa Skincare Product,Nykaa,Skincare,1516,1212.8,20,4.8,1493.0,Dry,2025,565,856540,395,1,In Stock
1474,Minimalist Skincare Product,Minimalist,Skincare,282,197.4,30,3.9,1713.0,,2024,88,24816,40,3,In Stock
1475,Dove Haircare Product,Dove,Haircare,688,550.4,20,3.7,1761.0,,2025,3392,2333696,1525,1,Out of Stock
1476,Lakme Makeup Product,Lakme,Makeup,499,349.3,30,3.6,2044.0,,2025,936,467064,389,6,In Stock
1477,Biotique Haircare Product,Biotique,Haircare,284,198.8,30,3.9,1532.0,,2025,2894,821896,1055,7,In Stock
1478,Biotique Makeup Product,Biotique,Makeup,1505,1279.25,15,3.9,1209.0,,2025,2254,3392270,965,3,In Stock
1479,L'Oreal Haircare Product,L'Oreal,Haircare,483,410.55,15,3.8,1860.0,,2024,1148,554484,548,3,In Stock
1480,Nivea Skincare Product,Nivea,Skincare,488,414.8,15,3.6,2286.0,,2024,1873,914024,1193,2,In Stock
1481,Maybelline Makeup Product,Maybelline,Makeup,1479,1331.1,10,4.5,2484.0,,2025,3251,4808229,1076,5,Out of Stock
1482,Nivea Skincare Product,Nivea,Skincare,491,392.8,20,3.8,2070.0,,2024,3205,1573655,1298,6,Out of Stock
1483,L'Oreal Makeup Product,L'Oreal,Makeup,308,277.2,10,3.3,1770.0,,2024,3143,968044,2214,4,Out of Stock
1484,Dove Haircare Product,Dove,Haircare,290,203.0,30,3.7,1902.0,,2024,3580,1038200,1336,6,Out of Stock
1485,Lakme Haircare Product,Lakme,Haircare,303,272.7,10,,1350.0,,2024,3828,1159884,1804,4,Out of Stock
1486,Biotique Haircare Product,Biotique,Haircare,1480,1332.0,10,4.2,1527.0,,2024,2946,4360080,2157,7,In Stock
1487,Lakme Skincare Product,Lakme,Skincare,995,895.5,10,3.9,2035.0,,2024,3503,3485485,1322,4,Out of Stock
1488,Mamaearth Skincare Product,Mamaearth,Skincare,995,845.75,15,4.0,1451.0,,2024,3561,3543195,1215,1,Out of Stock
1489,Dove Skincare Product,Dove,Skincare,294,235.2,20,3.5,1644.0,,2025,1038,305172,562,4,In Stock
1490,Nivea Makeup Product,Nivea,Makeup,1494,1269.9,15,4.4,,,2025,4166,6224004,1879,4,Out of Stock
1491,Himalaya Makeup Product,Himalaya,Makeup,995,895.5,10,3.7,1607.0,,2025,4076,4055620,2371,2,Out of Stock
1492,Lakme Haircare Product,Lakme,Haircare,705,599.25,15,3.6,1937.0,,2025,4229,2981445,2968,3,Out of Stock
1493,Himalaya Skincare Product,Himalaya,Skincare,1009,908.1,10,4.0,1452.0,,2025,1732,1747588,638,6,In Stock
1494,Nykaa Skincare Product,Nykaa,Skincare,289,231.2,20,,908.0,Oily,2025,4715,1362635,2783,6,Out of Stock
1495,Himalaya Makeup Product,Himalaya,Makeup,705,493.5,30,3.9,1620.0,,2024,4013,2829165,2218,7,Out of Stock
1496,Dove Haircare Product,Dove,Haircare,304,258.4,15,3.5,1431.0,,2024,983,298832,365,7,In Stock
1497,Lakme Skincare Product,Lakme,Skincare,1014,811.2,20,4.0,2157.0,,2024,3648,3699072,2232,4,Out of Stock
1498,L'Oreal Haircare Product,L'Oreal,Haircare,1487,1040.9,30,4.0,1810.0,,2024,3283,4881821,1434,5,Out of Stock
1499,Minimalist Haircare Product,Minimalist,Haircare,680,578.0,15,,1817.0,,2025,2030,1380400,1104,6,In Stock
1500,Minimalist Makeup Product,Minimalist,Makeup,491,441.9,10,3.6,1567.0,,2024,1905,935355,649,7,In Stock
1501,Mamaearth Skincare Product,Mamaearth,Skincare,991,792.8,20,4.2,2182.0,,2024,3106,3078046,1645,4,Out of Stock
1502,Maybelline Haircare Product,Maybelline,Haircare,501,425.85,15,3.5,2059.0,,2025,842,421842,381,7,In Stock
1503,Nivea Makeup Product,Nivea,Makeup,292,233.6,20,3.5,1197.0,,2025,841,245572,598,1,In Stock
1504,Minimalist Skincare Product,Minimalist,Skincare,1492,1119.0,25,4.4,2058.0,,2024,1859,2773628,610,1,In Stock
1505,Nivea Makeup Product,Nivea,Makeup,304,243.2,20,3.8,2291.0,,2024,2305,700720,1173,7,In Stock
1506,Biotique Makeup Product,Biotique,Makeup,1514,1211.2,20,4.3,1501.0,,2024,3660,5541240,1936,1,Out of Stock
1507,Minimalist Makeup Product,Minimalist,Makeup,482,337.4,30,,1616.0,,2025,1657,798674,1097,7,In Stock
1508,Nykaa Haircare Product,Nykaa,Haircare,1496,1196.8,20,4.1,1650.0,Combination,2024,1034,1546864,607,4,In Stock
1509,Mamaearth Skincare Product,Mamaearth,Skincare,1010,858.5,15,3.8,2388.0,,2024,3726,3763260,2360,2,Out of Stock
1510,L'Oreal Haircare Product,L'Oreal,Haircare,1006,704.2,30,4.0,1453.0,,2025,3430,3450580,2361,5,Out of Stock
1511,Minimalist Skincare Product,Minimalist,Skincare,281,238.85,15,3.9,2148.0,,2025,569,159889,415,4,In Stock
1512,Nykaa Haircare Product,Nykaa,Haircare,479,383.2,20,3.7,1353.0,Dry,2024,640,306560,292,2,In Stock
1513,Lakme Haircare Product,Lakme,Haircare,679,543.2,20,4.1,1839.0,,2025,1100,746900,625,2,In Stock
1514,Minimalist Makeup Product,Minimalist,Makeup,311,233.25,25,3.7,,,2024,3683,1145413,2651,6,Out of Stock
1515,Himalaya Makeup Product,Himalaya,Makeup,992,843.2,15,3.7,2108.0,,2025,4494,4458048,3571,4,Out of Stock
1516,Maybelline Makeup Product,Maybelline,Makeup,701,490.7,30,3.7,1892.0,,2025,1009,707309,751,4,In Stock
1517,Biotique Skincare Product,Biotique,Skincare,1509,1056.3,30,4.2,2130.0,,2024,742,1119678,360,7,In Stock
1518,Minimalist Haircare Product,Minimalist,Haircare,707,530.25,25,,,,2025,3949,2791943,1570,2,Out of Stock
1519,Lakme Skincare Product,Lakme,Skincare,692,519.0,25,3.6,1263.0,,2025,4523,3129916,2463,2,Out of Stock
1520,Biotique Haircare Product,Biotique,Haircare,290,232.0,20,3.3,1984.0,,2025,2996,868840,2009,2,In Stock
1521,L'Oreal Haircare Product,L'Oreal,Haircare,1483,1334.7,10,4.6,2131.0,,2024,576,854208,314,7,In Stock
1522,Dove Skincare Product,Dove,Skincare,988,839.8,15,4.0,1805.0,,2025,3274,3234712,1773,6,Out of Stock
1523,Dove Skincare Product,Dove,Skincare,712,640.8,10,3.8,890.0,,2025,2303,1639736,1656,4,In Stock
1524,L'Oreal Haircare Product,L'Oreal,Haircare,1511,1284.35,15,4.4,1853.0,,2024,3394,5128334,1631,2,Out of Stock
1525,Biotique Haircare Product,Biotique,Haircare,685,479.5,30,4.0,1237.0,,2025,4015,2750275,2930,1,Out of Stock
1526,Nykaa Haircare Product,Nykaa,Haircare,510,357.0,30,3.9,1450.0,All,2024,1925,981750,969,4,In Stock
1527,Nykaa Makeup Product,Nykaa,Makeup,982,834.7,15,3.9,1985.0,All,2024,1813,1780366,841,7,In Stock
1528,Mamaearth Skincare Product,Mamaearth,Skincare,282,239.7,15,3.4,1756.0,,2025,570,160740,300,6,In Stock
1529,Mamaearth Skincare Product,Mamaearth,Skincare,1504,1278.4,15,4.1,2073.0,,2024,1066,1603264,726,1,In Stock
1530,Himalaya Skincare Product,Himalaya,Skincare,979,832.15,15,3.9,2104.0,,2024,166,162514,60,7,In Stock
1531,Nykaa Skincare Product,Nykaa,Skincare,487,413.95,15,4.1,1952.0,All,2025,2483,1209221,988,3,In Stock
1532,Himalaya Skincare Product,Himalaya,Skincare,1481,1258.85,15,4.5,2569.0,,2024,633,937473,491,4,In Stock
1533,Himalaya Skincare Product,Himalaya,Skincare,1480,1036.0,30,4.2,1718.0,,2024,444,657120,172,3,In Stock
1534,L'Oreal Makeup Product,L'Oreal,Makeup,711,497.7,30,,2089.0,,2024,3838,2728818,2240,7,Out of Stock
1535,Nivea Makeup Product,Nivea,Makeup,515,463.5,10,3.9,1665.0,,2025,2818,1451270,1661,7,In Stock
1536,Mamaearth Haircare Product,Mamaearth,Haircare,698,593.3,15,3.5,1625.0,,2025,4217,2943466,2297,7,Out of Stock
1537,Nykaa Haircare Product,Nykaa,Haircare,1008,756.0,25,4.1,1855.0,Oily,2024,3910,3941280,2433,2,Out of Stock
1538,Himalaya Skincare Product,Himalaya,Skincare,514,462.6,10,3.6,2351.0,,2025,323,166022,134,6,In Stock
1539,Minimalist Haircare Product,Minimalist,Haircare,305,213.5,30,3.7,1295.0,,2025,2063,629215,1188,2,In Stock
1540,Lakme Haircare Product,Lakme,Haircare,715,643.5,10,3.7,1275.0,,2024,4483,3205345,2179,6,Out of Stock
1541,L'Oreal Makeup Product,L'Oreal,Makeup,702,631.8,10,4.0,1153.0,,2024,1439,1010178,907,5,In Stock
1542,L'Oreal Skincare Product,L'Oreal,Skincare,288,216.0,25,4.0,1986.0,,2024,3616,1041408,1340,2,Out of Stock
1543,Minimalist Makeup Product,Minimalist,Makeup,711,568.8,20,3.9,1469.0,,2024,4752,3378672,2782,3,Out of Stock
1544,Nykaa Makeup Product,Nykaa,Makeup,286,243.1,15,3.7,2090.0,All,2024,215,61490,84,6,In Stock
1545,Biotique Skincare Product,Biotique,Skincare,984,885.6,10,4.1,2046.0,,2024,1617,1591128,710,2,In Stock
1546,L'Oreal Makeup Product,L'Oreal,Makeup,496,446.4,10,3.9,1413.0,,2025,778,385888,318,4,In Stock
1547,L'Oreal Skincare Product,L'Oreal,Skincare,509,458.1,10,3.8,1927.0,,2024,2093,1065337,819,7,In Stock
1548,L'Oreal Makeup Product,L'Oreal,Makeup,285,228.0,20,3.8,1658.0,,2024,4247,1210395,3027,6,Out of Stock
1549,Biotique Makeup Product,Biotique,Makeup,694,520.5,25,3.8,1803.0,,2025,3546,2460924,1570,6,Out of Stock
1550,L'Oreal Skincare Product,L'Oreal,Skincare,1505,1354.5,10,4.4,1577.0,,2025,828,1246140,632,2,In Stock
1551,Nivea Makeup Product,Nivea,Makeup,981,784.8,20,4.3,1525.0,,2024,263,258003,206,5,In Stock
1552,Minimalist Haircare Product,Minimalist,Haircare,987,888.3,10,3.8,1692.0,,2025,3812,3762444,2232,2,Out of Stock
1553,L'Oreal Makeup Product,L'Oreal,Makeup,714,499.8,30,3.5,1990.0,,2024,1626,1160964,604,3,In Stock
1554,Himalaya Makeup Product,Himalaya,Makeup,683,546.4,20,3.8,1672.0,,2024,2498,1706134,1217,3,In Stock
1555,Dove Haircare Product,Dove,Haircare,1501,1200.8,20,4.2,1715.0,,2024,2986,4481986,2086,6,In Stock
1556,Lakme Makeup Product,Lakme,Makeup,312,218.4,30,3.8,1492.0,,2024,3167,988104,1531,6,Out of Stock
1557,Himalaya Makeup Product,Himalaya,Makeup,987,740.25,25,3.9,1826.0,,2025,641,632667,220,2,In Stock
1558,Nykaa Skincare Product,Nykaa,Skincare,1500,1200.0,20,4.4,2098.0,Dry,2024,2770,4155000,1602,3,In Stock
1559,L'Oreal Haircare Product,L'Oreal,Haircare,290,217.5,25,3.7,1567.0,,2024,763,221270,551,3,In Stock
1560,Nykaa Makeup Product,Nykaa,Makeup,285,199.5,30,3.4,1334.0,Combination,2024,985,280725,687,5,In Stock
1561,Nivea Skincare Product,Nivea,Skincare,297,207.9,30,3.8,1877.0,,2025,4387,1302939,1700,4,Out of Stock
1562,L'Oreal Haircare Product,L'Oreal,Haircare,1491,1043.7,30,4.2,1939.0,,2025,51,76041,32,5,In Stock
1563,Nivea Haircare Product,Nivea,Haircare,509,458.1,10,4.2,2021.0,,2024,2898,1475082,1188,1,In Stock
1564,L'Oreal Haircare Product,L'Oreal,Haircare,707,600.95,15,3.7,2069.0,,2025,4094,2894458,1674,7,Out of Stock
1565,Biotique Skincare Product,Biotique,Skincare,307,260.95,15,3.5,1828.0,,2025,1999,613693,1473,5,In Stock
1566,Minimalist Makeup Product,Minimalist,Makeup,714,571.2,20,3.9,1915.0,,2025,967,690438,410,2,In Stock
1567,Dove Makeup Product,Dove,Makeup,704,528.0,25,4.0,1497.0,,2025,3224,2269696,1391,4,Out of Stock
1568,Nivea Skincare Product,Nivea,Skincare,1515,1212.0,20,4.6,2088.0,,2024,2291,3470865,688,2,In Stock
1569,Minimalist Haircare Product,Minimalist,Haircare,997,747.75,25,3.9,1775.0,,2025,139,138583,102,7,In Stock
1570,Nykaa Makeup Product,Nykaa,Makeup,291,218.25,25,,1271.0,Dry,2025,1759,511869,1224,1,In Stock
1571,Himalaya Skincare Product,Himalaya,Skincare,1501,1200.8,20,4.1,,,2024,2219,3330719,1361,4,In Stock
1572,Maybelline Makeup Product,Maybelline,Makeup,1491,1192.8,20,4.4,,,2025,4288,6393408,2894,6,Out of Stock
1573,L'Oreal Makeup Product,L'Oreal,Makeup,1480,1184.0,20,4.2,2388.0,,2025,3091,4574680,1162,3,Out of Stock
1574,Lakme Makeup Product,Lakme,Makeup,986,739.5,25,4.0,1935.0,,2025,155,152830,82,5,In Stock
1575,Mamaearth Skincare Product,Mamaearth,Skincare,494,345.8,30,3.6,1789.0,,2025,936,462384,445,2,In Stock
1576,Himalaya Skincare Product,Himalaya,Skincare,1015,862.75,15,,1133.0,,2025,477,484155,165,1,In Stock
1577,Maybelline Makeup Product,Maybelline,Makeup,980,833.0,15,3.8,1895.0,,2025,1945,1906100,1056,3,In Stock
1578,Lakme Haircare Product,Lakme,Haircare,314,282.6,10,3.7,2039.0,,2024,366,114924,278,5,In Stock
1579,Himalaya Skincare Product,Himalaya,Skincare,500,450.0,10,3.8,1390.0,,2025,684,342000,218,3,In Stock
1580,Minimalist Makeup Product,Minimalist,Makeup,1485,1336.5,10,4.5,1942.0,,2025,1975,2932875,880,5,In Stock
1581,Maybelline Makeup Product,Maybelline,Makeup,691,483.7,30,3.8,1991.0,,2024,2106,1455246,850,6,In Stock
1582,Minimalist Makeup Product,Minimalist,Makeup,1513,1286.05,15,4.5,1728.0,,2024,3194,4832522,1338,4,Out of Stock
1583,Lakme Skincare Product,Lakme,Skincare,691,587.35,15,3.7,1726.0,,2024,2320,1603120,1749,3,In Stock
1584,Minimalist Makeup Product,Minimalist,Makeup,318,254.4,20,3.7,2094.0,,2025,1489,473502,795,3,In Stock
1585,Maybelline Haircare Product,Maybelline,Haircare,1479,1183.2,20,3.9,1857.0,,2024,602,890358,320,3,In Stock
1586,Biotique Skincare Product,Biotique,Skincare,981,784.8,20,3.8,1498.0,,2025,765,750465,520,4,In Stock
1587,Nykaa Skincare Product,Nykaa,Skincare,1491,1118.25,25,4.3,1364.0,Combination,2025,3961,5905851,1494,1,Out of Stock
1588,Minimalist Haircare Product,Minimalist,Haircare,713,606.05,15,3.8,1484.0,,2025,1763,1257019,958,5,In Stock
1589,Nivea Skincare Product,Nivea,Skincare,1480,1332.0,10,4.1,1881.0,,2024,3439,5089720,1771,6,Out of Stock
1590,L'Oreal Haircare Product,L'Oreal,Haircare,495,420.75,15,4.1,,,2025,1157,572715,692,3,In Stock
1591,Nivea Haircare Product,Nivea,Haircare,1513,1134.75,25,4.2,1971.0,,2025,4256,6439328,3403,7,Out of Stock
1592,Biotique Skincare Product,Biotique,Skincare,282,253.8,10,3.4,1605.0,,2025,300,84600,205,4,In Stock
1593,Himalaya Haircare Product,Himalaya,Haircare,1016,711.2,30,4.0,1436.0,,2025,2480,2519680,1237,1,In Stock
1594,Maybelline Haircare Product,Maybelline,Haircare,1500,1350.0,10,3.8,1519.0,,2025,2104,3156000,1501,5,In Stock
1595,Mamaearth Haircare Product,Mamaearth,Haircare,691,552.8,20,3.9,1539.0,,2024,508,351028,195,4,In Stock
1596,Biotique Skincare Product,Biotique,Skincare,1494,1269.9,15,4.5,1577.0,,2025,257,383958,81,6,In Stock
1597,Nykaa Skincare Product,Nykaa,Skincare,1018,814.4,20,3.5,1655.0,Combination,2024,949,966082,381,6,In Stock
1598,Nykaa Skincare Product,Nykaa,Skincare,1518,1366.2,10,4.2,2127.0,Oily,2024,3511,5329698,1650,5,Out of Stock
1599,Nivea Haircare Product,Nivea,Haircare,484,363.0,25,3.5,1288.0,,2025,3435,1662540,1907,3,Out of Stock
1600,L'Oreal Makeup Product,L'Oreal,Makeup,486,388.8,20,3.6,2070.0,,2025,71,34506,43,6,In Stock
1601,Biotique Makeup Product,Biotique,Makeup,280,196.0,30,3.4,2154.0,,2025,459,128520,346,1,In Stock
1602,Mamaearth Makeup Product,Mamaearth,Makeup,984,836.4,15,4.4,1321.0,,2024,944,928896,523,4,In Stock
1603,L'Oreal Skincare Product,L'Oreal,Skincare,1013,709.1,30,3.9,1948.0,,2024,564,571332,310,1,In Stock
1604,Mamaearth Makeup Product,Mamaearth,Makeup,696,487.2,30,3.6,1626.0,,2024,4954,3447984,1610,3,Out of Stock
1605,Mamaearth Haircare Product,Mamaearth,Haircare,305,244.0,20,,854.0,,2024,4159,1268495,1320,1,Out of Stock
1606,Maybelline Haircare Product,Maybelline,Haircare,1017,711.9,30,4.0,1869.0,,2025,2184,2221128,1257,1,In Stock
1607,Maybelline Haircare Product,Maybelline,Haircare,1513,1286.05,15,4.5,1696.0,,2025,3645,5514885,1892,2,Out of Stock
1608,Lakme Skincare Product,Lakme,Skincare,1479,1183.2,20,4.0,1492.0,,2025,3006,4445874,2163,1,Out of Stock
1609,Lakme Skincare Product,Lakme,Skincare,994,795.2,20,4.2,2102.0,,2024,1610,1600340,612,5,In Stock
1610,L'Oreal Skincare Product,L'Oreal,Skincare,285,256.5,10,3.9,1946.0,,2024,1316,375060,411,4,In Stock
1611,Mamaearth Haircare Product,Mamaearth,Haircare,501,350.7,30,3.7,1458.0,,2025,2219,1111719,1163,2,In Stock
1612,Nivea Haircare Product,Nivea,Haircare,285,213.75,25,3.4,1340.0,,2024,3688,1051080,1544,4,Out of Stock
1613,Nykaa Skincare Product,Nykaa,Skincare,679,577.15,15,3.9,1928.0,Oily,2024,799,542521,259,4,In Stock
1614,Minimalist Haircare Product,Minimalist,Haircare,298,223.5,25,3.8,2181.0,,2024,3477,1036146,2302,3,Out of Stock
1615,Lakme Haircare Product,Lakme,Haircare,297,207.9,30,3.3,1987.0,,2024,4830,1434510,1718,3,Out of Stock
1616,Maybelline Skincare Product,Maybelline,Skincare,495,445.5,10,3.5,2090.0,,2024,1977,978615,1194,2,In Stock
1617,Maybelline Skincare Product,Maybelline,Skincare,685,582.25,15,3.7,1781.0,,2025,3854,2639990,1697,6,Out of Stock
1618,Nivea Makeup Product,Nivea,Makeup,716,608.6,15,4.0,1567.0,,2024,3752,2686432,1451,7,Out of Stock
1619,Dove Haircare Product,Dove,Haircare,1007,755.25,25,4.2,2322.0,,2025,2406,2422842,1178,3,In Stock
1620,Himalaya Haircare Product,Himalaya,Haircare,704,492.8,30,3.6,1737.0,,2024,4840,3407360,3391,7,Out of Stock
1621,Mamaearth Makeup Product,Mamaearth,Makeup,287,200.9,30,3.7,2107.0,,2024,2385,684495,1183,3,In Stock
1622,Nivea Skincare Product,Nivea,Skincare,705,564.0,20,3.8,1323.0,,2024,356,250980,240,3,In Stock
1623,Himalaya Haircare Product,Himalaya,Haircare,491,343.7,30,4.0,1731.0,,2024,3715,1824065,1347,4,Out of Stock
1624,L'Oreal Skincare Product,L'Oreal,Skincare,1509,1358.1,10,4.4,1957.0,,2025,2039,3076851,1399,2,In Stock
1625,Mamaearth Makeup Product,Mamaearth,Makeup,680,578.0,15,3.8,1584.0,,2024,711,483480,297,4,In Stock
1626,Minimalist Skincare Product,Minimalist,Skincare,682,613.8,10,4.0,2070.0,,2025,4694,3201308,2998,5,Out of Stock
1627,Nykaa Skincare Product,Nykaa,Skincare,489,342.3,30,3.6,1677.0,All,2025,361,176529,210,4,In Stock
1628,Nykaa Skincare Product,Nykaa,Skincare,980,784.0,20,4.0,1676.0,Dry,2025,2970,2910600,2270,7,In Stock
1629,L'Oreal Makeup Product,L'Oreal,Makeup,291,218.25,25,3.8,1433.0,,2025,1132,329412,558,7,In Stock
1630,Biotique Makeup Product,Biotique,Makeup,484,411.4,15,3.6,1920.0,,2024,3021,1462164,1006,5,Out of Stock
1631,Himalaya Skincare Product,Himalaya,Skincare,710,532.5,25,3.6,2397.0,,2025,804,570840,248,1,In Stock
1632,Mamaearth Skincare Product,Mamaearth,Skincare,712,498.4,30,3.5,2125.0,,2024,4180,2976160,2982,1,Out of Stock
1633,Biotique Makeup Product,Biotique,Makeup,307,276.3,10,3.6,1745.0,,2025,4590,1409130,2581,5,Out of Stock
1634,Lakme Haircare Product,Lakme,Haircare,502,426.7,15,3.6,,,2024,402,201804,276,5,In Stock
1635,Nykaa Skincare Product,Nykaa,Skincare,304,243.2,20,3.5,1665.0,Combination,2025,952,289408,397,4,In Stock
1636,Lakme Makeup Product,Lakme,Makeup,679,509.25,25,4.0,1987.0,,2024,3938,2673902,1860,5,Out of Stock
1637,Nykaa Haircare Product,Nykaa,Haircare,284,213.0,25,3.4,2023.0,All,2025,208,59072,65,2,In Stock
1638,Himalaya Skincare Product,Himalaya,Skincare,982,785.6,20,3.9,1949.0,,2025,2027,1990514,1582,1,In Stock
1639,Maybelline Makeup Product,Maybelline,Makeup,489,415.65,15,3.7,1791.0,,2025,1006,491934,637,1,In Stock
1640,Dove Skincare Product,Dove,Skincare,300,255.0,15,3.9,2316.0,,2025,2121,636300,1625,6,In Stock
1641,Lakme Makeup Product,Lakme,Makeup,507,456.3,10,3.6,1591.0,,2024,453,229671,196,5,In Stock
1642,Biotique Makeup Product,Biotique,Makeup,314,282.6,10,3.9,2162.0,,2025,4661,1463554,2823,3,Out of Stock
1643,Lakme Skincare Product,Lakme,Skincare,309,262.65,15,3.5,,,2024,2829,874161,1808,3,In Stock
1644,Minimalist Skincare Product,Minimalist,Skincare,1494,1120.5,25,4.3,1879.0,,2025,1437,2146878,659,5,In Stock
1645,Maybelline Makeup Product,Maybelline,Makeup,702,491.4,30,3.8,1999.0,,2025,3503,2459106,2536,2,Out of Stock
1646,Biotique Skincare Product,Biotique,Skincare,979,734.25,25,3.9,1742.0,,2025,1005,983895,777,3,In Stock
1647,Maybelline Skincare Product,Maybelline,Skincare,1006,855.1,15,4.0,1373.0,,2025,1762,1772572,1308,6,In Stock
1648,Biotique Skincare Product,Biotique,Skincare,504,352.8,30,3.6,1832.0,,2025,4753,2395512,3182,7,Out of Stock
1649,Minimalist Haircare Product,Minimalist,Haircare,695,521.25,25,4.0,1522.0,,2025,1323,919485,580,5,In Stock
1650,Nivea Skincare Product,Nivea,Skincare,997,897.3,10,4.0,1765.0,,2024,3861,3849417,1701,2,Out of Stock
1651,Nivea Haircare Product,Nivea,Haircare,1504,1353.6,10,4.2,1991.0,,2024,2675,4023200,2090,2,In Stock
1652,Mamaearth Makeup Product,Mamaearth,Makeup,290,246.5,15,3.4,2471.0,,2024,2432,705280,742,4,In Stock
1653,Biotique Makeup Product,Biotique,Makeup,1000,700.0,30,4.2,1378.0,,2025,1491,1491000,981,2,In Stock
1654,Nivea Haircare Product,Nivea,Haircare,1500,1200.0,20,4.1,1710.0,,2024,3029,4543500,1978,3,Out of Stock
1655,Minimalist Haircare Product,Minimalist,Haircare,488,439.2,10,3.6,1823.0,,2025,1847,901336,1129,7,In Stock
1656,Mamaearth Haircare Product,Mamaearth,Haircare,703,562.4,20,4.1,,,2025,4440,3121320,3530,3,Out of Stock
1657,Minimalist Skincare Product,Minimalist,Skincare,710,568.0,20,4.0,1541.0,,2024,4059,2881890,1850,5,Out of Stock
1658,Nivea Haircare Product,Nivea,Haircare,984,787.2,20,4.1,2364.0,,2024,4900,4821600,2302,7,Out of Stock
1659,L'Oreal Skincare Product,L'Oreal,Skincare,712,640.8,10,3.7,954.0,,2024,1444,1028128,490,5,In Stock
1660,Nivea Makeup Product,Nivea,Makeup,713,499.1,30,4.0,1650.0,,2024,4331,3088003,2258,2,Out of Stock
1661,L'Oreal Haircare Product,L'Oreal,Haircare,504,403.2,20,3.9,1361.0,,2024,1319,664776,567,6,In Stock
1662,L'Oreal Makeup Product,L'Oreal,Makeup,286,257.4,10,3.6,1541.0,,2025,4782,1367652,2255,1,Out of Stock
1663,Nivea Skincare Product,Nivea,Skincare,1488,1116.0,25,,1629.0,,2024,3764,5600832,2699,7,Out of Stock
1664,Himalaya Skincare Product,Himalaya,Skincare,504,453.6,10,4.0,1583.0,,2025,579,291816,444,4,In Stock
1665,Nivea Skincare Product,Nivea,Skincare,1507,1205.6,20,4.5,1753.0,,2024,3673,5535211,1442,1,Out of Stock
1666,Dove Haircare Product,Dove,Haircare,279,251.1,10,3.5,1555.0,,2024,3008,839232,1462,2,Out of Stock
1667,Dove Skincare Product,Dove,Skincare,985,689.5,30,4.1,1968.0,,2024,2964,2919540,2265,2,In Stock
1668,Dove Makeup Product,Dove,Makeup,1004,803.2,20,3.8,1449.0,,2025,4939,4958756,1634,1,Out of Stock
1669,L'Oreal Makeup Product,L'Oreal,Makeup,512,358.4,30,3.7,1966.0,,2025,3641,1864192,1260,4,Out of Stock
1670,Maybelline Haircare Product,Maybelline,Haircare,703,597.55,15,3.9,1193.0,,2025,2197,1544491,837,7,In Stock
1671,Lakme Makeup Product,Lakme,Makeup,1507,1054.9,30,4.4,,,2024,4623,6966861,2762,7,Out of Stock
1672,Himalaya Makeup Product,Himalaya,Makeup,1000,850.0,15,4.2,2100.0,,2024,3419,3419000,1282,1,Out of Stock
1673,Mamaearth Haircare Product,Mamaearth,Haircare,1481,1036.7,30,4.2,1870.0,,2024,989,1464709,775,5,In Stock
1674,Lakme Skincare Product,Lakme,Skincare,701,525.75,25,4.0,2065.0,,2025,575,403075,300,3,In Stock
1675,L'Oreal Makeup Product,L'Oreal,Makeup,514,462.6,10,3.7,1680.0,,2024,51,26214,28,6,In Stock
1676,Minimalist Makeup Product,Minimalist,Makeup,1509,1207.2,20,4.0,2227.0,,2024,424,639816,179,5,In Stock
1677,Nivea Haircare Product,Nivea,Haircare,285,213.75,25,3.5,1608.0,,2025,2390,681150,1279,7,In Stock
1678,Himalaya Makeup Product,Himalaya,Makeup,1488,1041.6,30,4.6,1963.0,,2025,4055,6033840,2558,3,Out of Stock
1679,Dove Skincare Product,Dove,Skincare,709,638.1,10,3.8,1737.0,,2025,3102,2199318,2095,6,Out of Stock
1680,Himalaya Haircare Product,Himalaya,Haircare,1502,1351.8,10,,2049.0,,2025,4698,7056396,3180,6,Out of Stock
1681,Nykaa Haircare Product,Nykaa,Haircare,1490,1043.0,30,4.3,1863.0,All,2024,2415,3598350,1422,6,In Stock
1682,Maybelline Makeup Product,Maybelline,Makeup,514,385.5,25,3.8,1488.0,,2024,1575,809550,1184,2,In Stock
1683,Biotique Skincare Product,Biotique,Skincare,990,841.5,15,4.3,2236.0,,2024,4526,4480740,3207,6,Out of Stock
1684,L'Oreal Makeup Product,L'Oreal,Makeup,517,439.45,15,3.9,1475.0,,2025,1696,876832,1150,4,In Stock
1685,Maybelline Makeup Product,Maybelline,Makeup,1490,1341.0,10,4.1,1672.0,,2024,63,93870,20,1,In Stock
1686,Lakme Haircare Product,Lakme,Haircare,694,555.2,20,3.2,1998.0,,2025,4649,3226406,1410,7,Out of Stock
1687,Nivea Makeup Product,Nivea,Makeup,504,352.8,30,3.7,1935.0,,2025,2328,1173312,945,4,In Stock
1688,L'Oreal Makeup Product,L'Oreal,Makeup,305,259.25,15,3.6,2067.0,,2024,3205,977525,2024,1,Out of Stock
1689,Nivea Haircare Product,Nivea,Haircare,302,271.8,10,3.5,,,2024,179,54058,90,5,In Stock
1690,Dove Haircare Product,Dove,Haircare,694,520.5,25,4.0,1838.0,,2025,3864,2681616,1936,5,Out of Stock
1691,Himalaya Skincare Product,Himalaya,Skincare,1492,1044.4,30,4.5,1798.0,,2024,4983,7434636,3698,1,Out of Stock
1692,Himalaya Skincare Product,Himalaya,Skincare,986,788.8,20,4.2,1355.0,,2024,3266,3220276,2442,4,Out of Stock
1693,Nivea Haircare Product,Nivea,Haircare,505,429.25,15,4.2,1699.0,,2024,2988,1508940,2254,1,In Stock
1694,Himalaya Haircare Product,Himalaya,Haircare,687,583.95,15,3.6,1786.0,,2024,3978,2732886,1817,6,Out of Stock
1695,Biotique Skincare Product,Biotique,Skincare,707,565.6,20,3.9,1657.0,,2024,2090,1477630,1349,2,In Stock
1696,Biotique Haircare Product,Biotique,Haircare,294,220.5,25,3.8,2157.0,,2024,77,22638,33,7,In Stock
1697,Biotique Skincare Product,Biotique,Skincare,306,275.4,10,3.5,1780.0,,2024,2163,661878,855,5,In Stock
1698,Himalaya Skincare Product,Himalaya,Skincare,307,230.25,25,3.8,2235.0,,2025,1302,399714,510,7,In Stock
1699,Maybelline Makeup Product,Maybelline,Makeup,513,436.05,15,3.5,1583.0,,2025,4406,2260278,2075,2,Out of Stock
1700,Biotique Skincare Product,Biotique,Skincare,702,561.6,20,3.8,1468.0,,2025,2096,1471392,1079,6,In Stock
1701,Biotique Skincare Product,Biotique,Skincare,1502,1201.6,20,4.6,2126.0,,2024,4605,6916710,3294,6,Out of Stock
1702,Nivea Skincare Product,Nivea,Skincare,991,891.9,10,4.1,1808.0,,2024,4073,4036343,1466,5,Out of Stock
1703,Lakme Haircare Product,Lakme,Haircare,1484,1187.2,20,4.1,1984.0,,2024,4446,6597864,2967,5,Out of Stock
1704,Minimalist Makeup Product,Minimalist,Makeup,714,571.2,20,4.0,1614.0,,2024,3424,2444736,1937,6,Out of Stock
1705,Lakme Skincare Product,Lakme,Skincare,1504,1052.8,30,4.3,1373.0,,2024,3516,5288064,1561,3,Out of Stock
1706,Mamaearth Haircare Product,Mamaearth,Haircare,679,509.25,25,3.6,1677.0,,2024,3131,2125949,1710,7,Out of Stock
1707,Mamaearth Haircare Product,Mamaearth,Haircare,986,788.8,20,3.9,1912.0,,2025,3828,3774408,1722,2,Out of Stock
1708,Nykaa Skincare Product,Nykaa,Skincare,1498,1123.5,25,4.2,1611.0,Oily,2024,679,1017142,406,7,In Stock
1709,L'Oreal Makeup Product,L'Oreal,Makeup,683,478.1,30,3.7,1621.0,,2025,319,217877,164,2,In Stock
1710,Himalaya Haircare Product,Himalaya,Haircare,686,617.4,10,3.8,1281.0,,2024,2689,1844654,1027,3,In Stock
1711,Lakme Skincare Product,Lakme,Skincare,698,558.4,20,4.0,1459.0,,2024,2043,1426014,731,4,In Stock
1712,Maybelline Makeup Product,Maybelline,Makeup,311,279.9,10,3.8,2085.0,,2024,2941,914651,1686,2,In Stock
1713,Minimalist Haircare Product,Minimalist,Haircare,291,261.9,10,3.7,1854.0,,2024,3482,1013262,2615,7,Out of Stock
1714,Mamaearth Makeup Product,Mamaearth,Makeup,513,461.7,10,3.9,,,2024,1330,682290,627,1,In Stock
1715,Mamaearth Skincare Product,Mamaearth,Skincare,1509,1358.1,10,4.7,2094.0,,2024,2410,3636690,1606,6,In Stock
1716,Mamaearth Makeup Product,Mamaearth,Makeup,1508,1055.6,30,4.4,1067.0,,2024,625,942500,393,6,In Stock
1717,Mamaearth Haircare Product,Mamaearth,Haircare,684,615.6,10,4.0,2152.0,,2025,1357,928188,1039,3,In Stock
1718,Lakme Haircare Product,Lakme,Haircare,317,221.9,30,3.8,1993.0,,2024,3242,1027714,2303,2,Out of Stock
1719,Mamaearth Haircare Product,Mamaearth,Haircare,1492,1268.2,15,4.3,,,2024,3228,4816176,1882,4,Out of Stock
1720,Maybelline Skincare Product,Maybelline,Skincare,318,222.6,30,3.4,,,2025,2784,885312,1749,2,In Stock
1721,Biotique Skincare Product,Biotique,Skincare,281,210.75,25,4.1,2138.0,,2024,2262,635622,1694,6,In Stock
1722,Himalaya Skincare Product,Himalaya,Skincare,507,405.6,20,3.9,1833.0,,2025,2402,1217814,1200,5,In Stock
1723,Biotique Makeup Product,Biotique,Makeup,1495,1046.5,30,4.2,2141.0,,2025,3618,5408910,1676,1,Out of Stock
1724,Lakme Makeup Product,Lakme,Makeup,517,361.9,30,3.7,1408.0,,2024,1705,881485,520,3,In Stock
1725,Lakme Haircare Product,Lakme,Haircare,1496,1196.8,20,4.5,1855.0,,2025,1629,2436984,1161,5,In Stock
1726,Nykaa Skincare Product,Nykaa,Skincare,690,483.0,30,3.7,1832.0,All,2024,2253,1554570,1578,7,In Stock
1727,Minimalist Haircare Product,Minimalist,Haircare,486,437.4,10,3.3,1855.0,,2025,1440,699840,507,4,In Stock
1728,Nykaa Makeup Product,Nykaa,Makeup,1518,1366.2,10,4.5,1985.0,Oily,2024,1792,2720256,1054,5,In Stock
1729,Dove Haircare Product,Dove,Haircare,306,214.2,30,3.8,2130.0,,2025,1975,604350,1050,7,In Stock
1730,Minimalist Skincare Product,Minimalist,Skincare,983,786.4,20,,2034.0,,2024,669,657627,240,5,In Stock
1731,L'Oreal Haircare Product,L'Oreal,Haircare,993,744.75,25,4.0,1912.0,,2025,1324,1314732,1046,4,In Stock
1732,Maybelline Skincare Product,Maybelline,Skincare,299,254.15,15,3.6,1778.0,,2025,1006,300794,409,5,In Stock
1733,Mamaearth Haircare Product,Mamaearth,Haircare,1005,703.5,30,3.8,2300.0,,2025,1989,1998945,663,3,In Stock
1734,Biotique Skincare Product,Biotique,Skincare,285,199.5,30,3.3,1542.0,,2025,4003,1140855,2391,6,Out of Stock
1735,Mamaearth Haircare Product,Mamaearth,Haircare,308,231.0,25,3.5,1437.0,,2025,2431,748748,1627,2,In Stock
1736,Dove Makeup Product,Dove,Makeup,499,399.2,20,4.0,1417.0,,2025,1018,507982,321,5,In Stock
1737,Minimalist Makeup Product,Minimalist,Makeup,298,223.5,25,3.8,1530.0,,2024,1366,407068,859,3,In Stock
1738,Dove Makeup Product,Dove,Makeup,314,282.6,10,3.6,1810.0,,2024,1093,343202,618,2,In Stock
1739,Minimalist Haircare Product,Minimalist,Haircare,483,386.4,20,3.9,1721.0,,2024,331,159873,116,7,In Stock
1740,Himalaya Makeup Product,Himalaya,Makeup,689,482.3,30,3.8,1581.0,,2025,2894,1993966,1117,2,In Stock
1741,Biotique Skincare Product,Biotique,Skincare,281,238.85,15,4.0,1794.0,,2025,1108,311348,647,7,In Stock
1742,L'Oreal Makeup Product,L'Oreal,Makeup,486,364.5,25,4.2,1775.0,,2024,4343,2110698,1946,5,Out of Stock
1743,Nykaa Makeup Product,Nykaa,Makeup,688,516.0,25,3.6,1385.0,Combination,2024,2582,1776416,1985,3,In Stock
1744,Lakme Skincare Product,Lakme,Skincare,1479,1257.15,15,4.2,1729.0,,2025,3878,5735562,2750,6,Out of Stock
1745,Himalaya Makeup Product,Himalaya,Makeup,1004,803.2,20,4.4,1933.0,,2025,1058,1062232,837,5,In Stock
1746,Mamaearth Makeup Product,Mamaearth,Makeup,1479,1109.25,25,4.2,1439.0,,2025,1279,1891641,549,7,In Stock
1747,Biotique Skincare Product,Biotique,Skincare,696,522.0,25,3.9,1926.0,,2024,1085,755160,851,4,In Stock
1748,Minimalist Skincare Product,Minimalist,Skincare,304,243.2,20,3.3,1599.0,,2025,4635,1409040,2389,2,Out of Stock
1749,Himalaya Makeup Product,Himalaya,Makeup,1511,1057.7,30,4.4,1697.0,,2025,325,491075,153,5,In Stock
1750,Mamaearth Skincare Product,Mamaearth,Skincare,697,592.45,15,4.1,1823.0,,2024,2790,1944630,907,7,In Stock
1751,Nivea Makeup Product,Nivea,Makeup,502,351.4,30,4.0,1126.0,,2025,2339,1174178,763,2,In Stock
1752,Mamaearth Makeup Product,Mamaearth,Makeup,312,218.4,30,3.7,1956.0,,2024,1289,402168,832,7,In Stock
1753,Nykaa Haircare Product,Nykaa,Haircare,490,343.0,30,3.7,1348.0,Combination,2025,175,85750,92,3,In Stock
1754,Minimalist Haircare Product,Minimalist,Haircare,992,843.2,15,3.8,1127.0,,2024,4115,4082080,1700,1,Out of Stock
1755,Dove Makeup Product,Dove,Makeup,1004,853.4,15,4.0,2100.0,,2024,4362,4379448,2647,5,Out of Stock
1756,Dove Haircare Product,Dove,Haircare,686,583.1,15,3.8,1768.0,,2025,3918,2687748,1670,6,Out of Stock
1757,Maybelline Skincare Product,Maybelline,Skincare,706,600.1,15,3.9,1442.0,,2024,1258,888148,740,5,In Stock
1758,Biotique Skincare Product,Biotique,Skincare,481,408.85,15,3.5,1787.0,,2025,3299,1586819,1582,2,Out of Stock
1759,Nivea Haircare Product,Nivea,Haircare,715,536.25,25,3.8,2039.0,,2025,968,692120,688,3,In Stock
1760,Mamaearth Skincare Product,Mamaearth,Skincare,506,404.8,20,3.6,1642.0,,2025,3973,2010338,2822,7,Out of Stock
1761,Biotique Haircare Product,Biotique,Haircare,1517,1289.45,15,4.2,1846.0,,2024,4453,6755201,2398,4,Out of Stock
1762,Dove Makeup Product,Dove,Makeup,290,246.5,15,3.6,1627.0,,2024,2019,585510,959,6,In Stock
1763,Minimalist Skincare Product,Minimalist,Skincare,304,243.2,20,3.4,979.0,,2024,2843,864272,1368,3,In Stock
1764,Maybelline Haircare Product,Maybelline,Haircare,288,259.2,10,3.9,2007.0,,2025,941,271008,661,5,In Stock
1765,Biotique Makeup Product,Biotique,Makeup,1505,1204.0,20,4.4,2066.0,,2024,4520,6802600,2097,4,Out of Stock
1766,Himalaya Skincare Product,Himalaya,Skincare,1012,860.2,15,4.1,2033.0,,2024,2083,2107996,842,3,In Stock
1767,Biotique Skincare Product,Biotique,Skincare,686,617.4,10,4.1,2135.0,,2025,1414,970004,484,1,In Stock
1768,Himalaya Makeup Product,Himalaya,Makeup,1011,758.25,25,4.1,2150.0,,2025,178,179958,94,6,In Stock
1769,Mamaearth Skincare Product,Mamaearth,Skincare,302,256.7,15,3.5,1533.0,,2025,1064,321328,575,2,In Stock
1770,Biotique Makeup Product,Biotique,Makeup,486,364.5,25,3.8,1746.0,,2024,1849,898614,1332,3,In Stock
1771,Minimalist Skincare Product,Minimalist,Skincare,980,882.0,10,4.0,1500.0,,2024,4662,4568760,1914,3,Out of Stock
1772,L'Oreal Makeup Product,L'Oreal,Makeup,1013,861.05,15,4.3,2044.0,,2024,1568,1588384,769,1,In Stock
1773,Minimalist Skincare Product,Minimalist,Skincare,1481,1332.9,10,4.3,1608.0,,2024,4231,6266111,2979,5,Out of Stock
1774,L'Oreal Skincare Product,L'Oreal,Skincare,1495,1121.25,25,4.1,1482.0,,2024,1248,1865760,888,7,In Stock
1775,Himalaya Skincare Product,Himalaya,Skincare,300,210.0,30,3.5,1929.0,,2024,3923,1176900,1931,7,Out of Stock
1776,Dove Makeup Product,Dove,Makeup,1004,803.2,20,4.1,1998.0,,2025,2524,2534096,1336,6,In Stock
1777,Himalaya Skincare Product,Himalaya,Skincare,1499,1349.1,10,4.1,1606.0,,2024,3535,5298965,1596,6,Out of Stock
1778,Lakme Haircare Product,Lakme,Haircare,700,525.0,25,4.2,1935.0,,2024,4099,2869300,3140,2,Out of Stock
1779,L'Oreal Makeup Product,L'Oreal,Makeup,483,434.7,10,3.9,1553.0,,2024,3769,1820427,1354,3,Out of Stock
1780,Dove Haircare Product,Dove,Haircare,508,381.0,25,,1572.0,,2025,352,178816,269,4,In Stock
1781,Himalaya Skincare Product,Himalaya,Skincare,1497,1047.9,30,4.2,1798.0,,2024,4002,5990994,2569,3,Out of Stock
1782,L'Oreal Skincare Product,L'Oreal,Skincare,710,603.5,15,3.9,1564.0,,2025,4733,3360430,2677,7,Out of Stock
1783,L'Oreal Haircare Product,L'Oreal,Haircare,998,848.3,15,3.3,1682.0,,2025,1036,1033928,327,2,In Stock
1784,Nykaa Makeup Product,Nykaa,Makeup,507,354.9,30,3.6,1975.0,Dry,2025,1913,969891,1028,3,In Stock
1785,Lakme Haircare Product,Lakme,Haircare,1017,864.45,15,4.3,1958.0,,2024,4490,4566330,2262,1,Out of Stock
1786,Dove Haircare Product,Dove,Haircare,992,694.4,30,3.8,1783.0,,2025,4959,4919328,1887,7,Out of Stock
1787,Minimalist Skincare Product,Minimalist,Skincare,1485,1188.0,20,4.3,1739.0,,2025,3122,4636170,1961,3,Out of Stock
1788,L'Oreal Haircare Product,L'Oreal,Haircare,298,208.6,30,3.5,2026.0,,2024,3174,945852,2493,3,Out of Stock
1789,Maybelline Makeup Product,Maybelline,Makeup,717,501.9,30,3.6,2000.0,,2024,1377,987309,800,7,In Stock
1790,Mamaearth Haircare Product,Mamaearth,Haircare,494,395.2,20,3.9,1092.0,,2024,2458,1214252,1615,4,In Stock
1791,L'Oreal Haircare Product,L'Oreal,Haircare,290,232.0,20,3.4,2004.0,,2025,3723,1079670,1244,7,Out of Stock
1792,Nivea Skincare Product,Nivea,Skincare,1518,1062.6,30,4.3,1681.0,,2024,3341,5071638,1700,1,Out of Stock
1793,Nivea Makeup Product,Nivea,Makeup,514,359.8,30,3.8,1797.0,,2024,4083,2098662,1462,1,Out of Stock
1794,Nivea Haircare Product,Nivea,Haircare,510,357.0,30,3.8,1544.0,,2024,753,384030,456,3,In Stock
1795,Minimalist Makeup Product,Minimalist,Makeup,1495,1345.5,10,4.2,2080.0,,2025,624,932880,480,6,In Stock
1796,Minimalist Makeup Product,Minimalist,Makeup,1497,1122.75,25,4.2,1555.0,,2024,3282,4913154,2070,4,Out of Stock
1797,Nivea Skincare Product,Nivea,Skincare,704,528.0,25,4.2,1254.0,,2025,4833,3402432,1635,3,Out of Stock
1798,Nykaa Haircare Product,Nykaa,Haircare,1507,1280.95,15,4.2,1638.0,All,2024,2682,4041774,1280,7,In Stock
1799,Minimalist Haircare Product,Minimalist,Haircare,1492,1342.8,10,4.3,2114.0,,2024,3878,5785976,2231,3,Out of Stock
1800,Maybelline Skincare Product,Maybelline,Skincare,1016,762.0,25,3.6,1310.0,,2024,3280,3332480,1645,2,Out of Stock
1801,Minimalist Skincare Product,Minimalist,Skincare,1008,856.8,15,4.1,1731.0,,2024,538,542304,385,2,In Stock
1802,Nykaa Makeup Product,Nykaa,Makeup,1017,762.75,25,3.9,1528.0,All,2025,1397,1420749,988,6,In Stock
1803,Himalaya Haircare Product,Himalaya,Haircare,301,210.7,30,3.6,1878.0,,2025,3731,1123031,2260,4,Out of Stock
1804,Minimalist Skincare Product,Minimalist,Skincare,1482,1111.5,25,4.3,1200.0,,2024,3223,4776486,1568,5,Out of Stock
1805,Nivea Skincare Product,Nivea,Skincare,1486,1114.5,25,4.3,1869.0,,2025,4639,6893554,1983,2,Out of Stock
1806,Lakme Skincare Product,Lakme,Skincare,518,440.3,15,4.1,,,2025,1717,889406,605,5,In Stock
1807,Biotique Skincare Product,Biotique,Skincare,1003,802.4,20,4.2,1959.0,,2025,1687,1692061,805,1,In Stock
1808,Nivea Haircare Product,Nivea,Haircare,701,630.9,10,3.6,1560.0,,2024,4164,2918964,2109,2,Out of Stock
1809,Himalaya Makeup Product,Himalaya,Makeup,484,411.4,15,3.6,1792.0,,2025,3603,1743852,2298,2,Out of Stock
1810,L'Oreal Haircare Product,L'Oreal,Haircare,1486,1337.4,10,4.2,1262.0,,2024,1050,1560300,660,4,In Stock
1811,Himalaya Skincare Product,Himalaya,Skincare,1013,709.1,30,4.1,1956.0,,2024,900,911700,301,6,In Stock
1812,Mamaearth Makeup Product,Mamaearth,Makeup,1506,1280.1,15,3.9,1946.0,,2025,1438,2165628,715,5,In Stock
1813,Mamaearth Skincare Product,Mamaearth,Skincare,1501,1275.85,15,3.9,2010.0,,2025,3762,5646762,1470,7,Out of Stock
1814,Dove Haircare Product,Dove,Haircare,1012,860.2,15,3.7,1833.0,,2024,1417,1434004,536,2,In Stock
1815,Lakme Skincare Product,Lakme,Skincare,501,375.75,25,3.9,1437.0,,2024,871,436371,621,2,In Stock
1816,Biotique Haircare Product,Biotique,Haircare,703,632.7,10,4.0,2318.0,,2024,504,354312,161,4,In Stock
1817,Biotique Haircare Product,Biotique,Haircare,701,630.9,10,4.0,2280.0,,2025,1674,1173474,853,4,In Stock
1818,Lakme Makeup Product,Lakme,Makeup,1498,1348.2,10,3.9,1963.0,,2024,2822,4227356,1083,6,In Stock
1819,Maybelline Skincare Product,Maybelline,Skincare,1485,1113.75,25,,1640.0,,2025,3776,5607360,2792,5,Out of Stock
1820,L'Oreal Makeup Product,L'Oreal,Makeup,489,366.75,25,3.6,2164.0,,2025,3197,1563333,1849,1,Out of Stock
1821,Biotique Skincare Product,Biotique,Skincare,1010,858.5,15,3.4,1953.0,,2024,4139,4180390,1720,7,Out of Stock
1822,Minimalist Haircare Product,Minimalist,Haircare,1482,1111.5,25,4.3,1294.0,,2024,4856,7196592,2676,6,Out of Stock
1823,Himalaya Skincare Product,Himalaya,Skincare,1495,1046.5,30,4.1,1844.0,,2025,2240,3348800,1491,1,In Stock
1824,Himalaya Makeup Product,Himalaya,Makeup,493,369.75,25,3.7,2243.0,,2025,966,476238,752,3,In Stock
1825,Minimalist Makeup Product,Minimalist,Makeup,484,435.6,10,3.3,1895.0,,2025,4036,1953424,1655,2,Out of Stock
1826,Nivea Skincare Product,Nivea,Skincare,283,254.7,10,3.5,1277.0,,2024,2925,827775,2173,5,In Stock
1827,Dove Skincare Product,Dove,Skincare,297,267.3,10,3.8,2160.0,,2024,1490,442530,1143,6,In Stock
1828,Nykaa Makeup Product,Nykaa,Makeup,701,595.85,15,4.0,,Oily,2024,4450,3119450,3374,2,Out of Stock
1829,Biotique Skincare Product,Biotique,Skincare,998,798.4,20,3.5,1806.0,,2024,785,783430,484,5,In Stock
1830,Himalaya Haircare Product,Himalaya,Haircare,1016,711.2,30,4.1,1351.0,,2025,3618,3675888,2224,5,Out of Stock
1831,Biotique Haircare Product,Biotique,Haircare,1498,1273.3,15,4.1,1915.0,,2024,3388,5075224,1699,5,Out of Stock
1832,Maybelline Makeup Product,Maybelline,Makeup,300,210.0,30,3.6,1394.0,,2025,3065,919500,2072,2,Out of Stock
1833,Biotique Makeup Product,Biotique,Makeup,480,360.0,25,3.7,2372.0,,2025,2939,1410720,1662,6,In Stock
1834,Minimalist Skincare Product,Minimalist,Skincare,1508,1131.0,25,4.3,2047.0,,2024,1011,1524588,645,7,In Stock
1835,Lakme Makeup Product,Lakme,Makeup,492,442.8,10,3.9,1729.0,,2025,3039,1495188,1562,4,Out of Stock
1836,Lakme Skincare Product,Lakme,Skincare,717,501.9,30,4.0,2030.0,,2024,3898,2794866,2595,2,Out of Stock
1837,Himalaya Haircare Product,Himalaya,Haircare,491,368.25,25,3.8,1902.0,,2025,1076,528316,766,5,In Stock
1838,Mamaearth Skincare Product,Mamaearth,Skincare,1500,1200.0,20,4.5,1678.0,,2024,3915,5872500,1461,6,Out of Stock
1839,Maybelline Haircare Product,Maybelline,Haircare,1001,900.9,10,3.9,1449.0,,2024,2913,2915913,2087,7,In Stock
1840,Mamaearth Skincare Product,Mamaearth,Skincare,1513,1361.7,10,4.6,1794.0,,2025,2551,3859663,1454,3,In Stock
1841,Lakme Haircare Product,Lakme,Haircare,291,203.7,30,3.6,1690.0,,2024,1997,581127,1442,1,In Stock
1842,Nykaa Haircare Product,Nykaa,Haircare,1488,1041.6,30,4.2,2046.0,All,2024,1227,1825776,632,5,In Stock
1843,Nykaa Makeup Product,Nykaa,Makeup,701,525.75,25,3.9,2245.0,Combination,2025,4810,3371810,2354,3,Out of Stock
1844,Mamaearth Skincare Product,Mamaearth,Skincare,717,609.45,15,3.8,1430.0,,2025,61,43737,46,4,In Stock
1845,Dove Haircare Product,Dove,Haircare,279,195.3,30,3.3,1644.0,,2025,4449,1241271,1893,7,Out of Stock
1846,L'Oreal Haircare Product,L'Oreal,Haircare,507,380.25,25,,2296.0,,2025,3414,1730898,2465,7,Out of Stock
1847,Minimalist Makeup Product,Minimalist,Makeup,305,228.75,25,4.1,1692.0,,2024,3072,936960,1665,5,Out of Stock
1848,Minimalist Skincare Product,Minimalist,Skincare,1510,1359.0,10,4.3,2030.0,,2025,3421,5165710,1905,7,Out of Stock
1849,Minimalist Skincare Product,Minimalist,Skincare,704,528.0,25,3.9,1288.0,,2024,2880,2027520,1308,3,In Stock
1850,Lakme Makeup Product,Lakme,Makeup,1001,750.75,25,4.1,1365.0,,2024,92,92092,53,5,In Stock
1851,Nykaa Skincare Product,Nykaa,Skincare,704,598.4,15,3.7,2095.0,Combination,2024,993,699072,459,2,In Stock
1852,Nykaa Haircare Product,Nykaa,Haircare,988,839.8,15,3.9,1805.0,All,2024,2440,2410720,779,6,In Stock
1853,Dove Skincare Product,Dove,Skincare,1502,1201.6,20,4.3,1053.0,,2024,2595,3897690,1131,3,In Stock
1854,Himalaya Skincare Product,Himalaya,Skincare,1480,1258.0,15,4.1,1983.0,,2024,2461,3642280,746,6,In Stock
1855,Maybelline Makeup Product,Maybelline,Makeup,498,448.2,10,3.5,2009.0,,2024,1054,524892,831,2,In Stock
1856,Biotique Haircare Product,Biotique,Haircare,1483,1334.7,10,4.0,2306.0,,2024,70,103810,54,2,In Stock
1857,Biotique Makeup Product,Biotique,Makeup,284,241.4,15,3.6,1872.0,,2025,456,129504,226,6,In Stock
1858,Biotique Haircare Product,Biotique,Haircare,313,219.1,30,3.7,1211.0,,2024,1064,333032,706,3,In Stock
1859,Minimalist Skincare Product,Minimalist,Skincare,314,219.8,30,3.9,2274.0,,2025,4481,1407034,2119,6,Out of Stock
1860,L'Oreal Makeup Product,L'Oreal,Makeup,1504,1203.2,20,4.2,1716.0,,2025,1888,2839552,1199,6,In Stock
1861,Dove Skincare Product,Dove,Skincare,487,389.6,20,3.6,1404.0,,2024,3238,1576906,2275,1,Out of Stock
1862,Maybelline Haircare Product,Maybelline,Haircare,303,227.25,25,3.7,1860.0,,2024,764,231492,590,3,In Stock
1863,Himalaya Skincare Product,Himalaya,Skincare,690,517.5,25,3.8,1397.0,,2025,4196,2895240,2098,1,Out of Stock
1864,Nykaa Skincare Product,Nykaa,Skincare,509,381.75,25,3.6,2455.0,Dry,2024,3904,1987136,2700,5,Out of Stock
1865,Mamaearth Skincare Product,Mamaearth,Skincare,681,544.8,20,3.6,1525.0,,2024,4469,3043389,1934,7,Out of Stock
1866,Lakme Haircare Product,Lakme,Haircare,511,357.7,30,3.4,1944.0,,2024,4934,2521274,3923,6,Out of Stock
1867,Mamaearth Skincare Product,Mamaearth,Skincare,697,487.9,30,4.0,2460.0,,2025,190,132430,59,5,In Stock
1868,Nykaa Makeup Product,Nykaa,Makeup,1011,707.7,30,4.1,1735.0,Oily,2024,4615,4665765,2777,3,Out of Stock
1869,Biotique Skincare Product,Biotique,Skincare,690,552.0,20,3.8,,,2024,4932,3403080,3105,6,Out of Stock
1870,Mamaearth Skincare Product,Mamaearth,Skincare,303,257.55,15,3.7,1630.0,,2024,1013,306939,652,7,In Stock
1871,Nivea Haircare Product,Nivea,Haircare,702,561.6,20,3.9,1467.0,,2024,422,296244,152,5,In Stock
1872,Himalaya Haircare Product,Himalaya,Haircare,1005,703.5,30,4.0,1787.0,,2024,3685,3703425,2834,4,Out of Stock
1873,Himalaya Haircare Product,Himalaya,Haircare,700,525.0,25,4.0,1795.0,,2025,2591,1813700,1012,2,In Stock
1874,Lakme Haircare Product,Lakme,Haircare,1015,710.5,30,4.3,1899.0,,2024,3660,3714900,2237,6,Out of Stock
1875,Lakme Skincare Product,Lakme,Skincare,1001,750.75,25,4.1,1647.0,,2024,1742,1743742,716,7,In Stock
1876,Nivea Skincare Product,Nivea,Skincare,498,398.4,20,3.9,1556.0,,2024,155,77190,70,2,In Stock
1877,Maybelline Makeup Product,Maybelline,Makeup,681,578.85,15,4.1,1967.0,,2024,1731,1178811,992,1,In Stock
1878,Himalaya Makeup Product,Himalaya,Makeup,689,482.3,30,3.8,1830.0,,2024,4147,2857283,2109,5,Out of Stock
1879,Lakme Haircare Product,Lakme,Haircare,504,352.8,30,3.6,1937.0,,2024,4066,2049264,1545,1,Out of Stock
1880,Mamaearth Skincare Product,Mamaearth,Skincare,1482,1111.5,25,4.0,2060.0,,2024,2686,3980652,1035,7,In Stock
1881,Minimalist Makeup Product,Minimalist,Makeup,984,688.8,30,4.3,1876.0,,2025,2187,2152008,1113,6,In Stock
1882,Biotique Skincare Product,Biotique,Skincare,288,259.2,10,3.8,2201.0,,2025,3466,998208,2352,2,Out of Stock
1883,Dove Skincare Product,Dove,Skincare,1014,861.9,15,4.6,2137.0,,2025,4495,4557930,3366,2,Out of Stock
1884,Dove Haircare Product,Dove,Haircare,511,357.7,30,4.1,1629.0,,2024,3580,1829380,1224,5,Out of Stock
1885,Lakme Haircare Product,Lakme,Haircare,1484,1187.2,20,4.2,1318.0,,2025,1336,1982624,663,6,In Stock
1886,Lakme Haircare Product,Lakme,Haircare,705,493.5,30,,1602.0,,2024,3229,2276445,1130,4,Out of Stock
1887,Nykaa Skincare Product,Nykaa,Skincare,490,441.0,10,3.4,1478.0,Dry,2024,3704,1814960,1141,4,Out of Stock
1888,Nivea Haircare Product,Nivea,Haircare,1516,1212.8,20,4.4,1916.0,,2024,2409,3652044,1519,5,In Stock
1889,Dove Haircare Product,Dove,Haircare,1495,1196.0,20,4.0,1577.0,,2025,494,738530,297,6,In Stock
1890,Himalaya Haircare Product,Himalaya,Haircare,700,595.0,15,,1842.0,,2024,85,59500,32,5,In Stock
1891,Biotique Makeup Product,Biotique,Makeup,294,235.2,20,3.5,1366.0,,2025,1525,448350,635,6,In Stock
1892,Minimalist Haircare Product,Minimalist,Haircare,305,213.5,30,3.6,1431.0,,2025,4007,1222135,1249,7,Out of Stock
1893,Nivea Skincare Product,Nivea,Skincare,1510,1132.5,25,4.7,1806.0,,2024,1848,2790480,1325,7,In Stock
1894,Mamaearth Skincare Product,Mamaearth,Skincare,1503,1352.7,10,4.3,2130.0,,2024,1895,2848185,1492,1,In Stock
1895,Minimalist Haircare Product,Minimalist,Haircare,689,585.65,15,4.0,1640.0,,2024,1458,1004562,536,5,In Stock
1896,Mamaearth Haircare Product,Mamaearth,Haircare,506,354.2,30,3.9,1916.0,,2025,1758,889548,730,6,In Stock
1897,Lakme Haircare Product,Lakme,Haircare,1000,850.0,15,4.0,2390.0,,2024,2988,2988000,2193,4,In Stock
1898,Minimalist Haircare Product,Minimalist,Haircare,703,492.1,30,3.7,1475.0,,2024,1350,949050,1030,6,In Stock
1899,Nivea Makeup Product,Nivea,Makeup,680,476.0,30,3.9,2189.0,,2024,1293,879240,659,7,In Stock
1900,Biotique Makeup Product,Biotique,Makeup,518,362.6,30,3.8,2219.0,,2024,4026,2085468,1309,6,Out of Stock
1901,Dove Skincare Product,Dove,Skincare,1005,854.25,15,4.2,2288.0,,2025,3147,3162735,1006,5,Out of Stock
1902,Maybelline Makeup Product,Maybelline,Makeup,985,788.0,20,3.7,,,2024,4666,4596010,2738,1,Out of Stock
1903,Nykaa Skincare Product,Nykaa,Skincare,1515,1363.5,10,4.1,2250.0,Combination,2024,59,89385,29,1,In Stock
1904,Nivea Haircare Product,Nivea,Haircare,305,274.5,10,3.7,1414.0,,2024,2475,754875,777,1,In Stock
1905,Mamaearth Skincare Product,Mamaearth,Skincare,681,544.8,20,3.8,1589.0,,2025,1710,1164510,1011,1,In Stock
1906,Lakme Haircare Product,Lakme,Haircare,1001,750.75,25,4.1,1542.0,,2025,2681,2683681,819,7,In Stock
1907,Biotique Makeup Product,Biotique,Makeup,285,199.5,30,3.7,1974.0,,2024,4865,1386525,3374,3,Out of Stock
1908,Maybelline Makeup Product,Maybelline,Makeup,494,345.8,30,3.4,2104.0,,2024,1122,554268,508,5,In Stock
1909,Minimalist Makeup Product,Minimalist,Makeup,1508,1357.2,10,4.1,2102.0,,2024,3275,4938700,1048,2,Out of Stock
1910,Nykaa Makeup Product,Nykaa,Makeup,998,848.3,15,4.1,1764.0,All,2024,1366,1363268,811,5,In Stock
1911,Lakme Makeup Product,Lakme,Makeup,689,620.1,10,3.9,1302.0,,2024,4195,2890355,2092,3,Out of Stock
1912,L'Oreal Haircare Product,L'Oreal,Haircare,984,836.4,15,3.9,1832.0,,2025,3733,3673272,2937,1,Out of Stock
1913,Dove Skincare Product,Dove,Skincare,991,743.25,25,3.8,1414.0,,2025,3323,3293093,1901,3,Out of Stock
1914,Nivea Skincare Product,Nivea,Skincare,986,788.8,20,3.9,1718.0,,2024,195,192270,85,4,In Stock
1915,Maybelline Haircare Product,Maybelline,Haircare,503,352.1,30,3.8,1585.0,,2025,3090,1554270,2023,4,Out of Stock
1916,Maybelline Makeup Product,Maybelline,Makeup,979,734.25,25,4.3,1843.0,,2024,1512,1480248,658,7,In Stock
1917,Dove Haircare Product,Dove,Haircare,308,246.4,20,3.5,1995.0,,2025,4726,1455608,3554,5,Out of Stock
1918,Dove Skincare Product,Dove,Skincare,1501,1050.7,30,4.4,1984.0,,2024,1634,2452634,796,5,In Stock
1919,Maybelline Skincare Product,Maybelline,Skincare,1016,812.8,20,3.9,1966.0,,2025,532,540512,305,2,In Stock
1920,Himalaya Makeup Product,Himalaya,Makeup,1481,1110.75,25,4.5,2038.0,,2025,3229,4782149,1050,7,Out of Stock
1921,Nykaa Makeup Product,Nykaa,Makeup,701,630.9,10,4.3,1876.0,Combination,2025,1299,910599,666,2,In Stock
1922,Maybelline Skincare Product,Maybelline,Skincare,1002,701.4,30,4.1,1712.0,,2024,4818,4827636,3450,4,Out of Stock
1923,Dove Skincare Product,Dove,Skincare,1517,1289.45,15,4.2,1603.0,,2025,680,1031560,477,1,In Stock
1924,Nivea Skincare Product,Nivea,Skincare,1496,1122.0,25,4.4,,,2024,711,1063656,293,3,In Stock
1925,L'Oreal Makeup Product,L'Oreal,Makeup,479,383.2,20,3.8,1394.0,,2025,3553,1701887,1467,2,Out of Stock
1926,Biotique Makeup Product,Biotique,Makeup,1496,1346.4,10,4.0,1940.0,,2024,2902,4341392,2056,6,In Stock
1927,L'Oreal Makeup Product,L'Oreal,Makeup,507,430.95,15,3.3,1861.0,,2025,2516,1275612,1925,2,In Stock
1928,Himalaya Skincare Product,Himalaya,Skincare,491,368.25,25,3.6,,,2024,1037,509167,360,1,In Stock
1929,Mamaearth Haircare Product,Mamaearth,Haircare,1490,1117.5,25,4.2,2016.0,,2025,1596,2378040,837,1,In Stock
1930,Nykaa Skincare Product,Nykaa,Skincare,689,620.1,10,4.2,1572.0,Oily,2024,699,481611,327,5,In Stock
1931,L'Oreal Haircare Product,L'Oreal,Haircare,317,253.6,20,,1552.0,,2025,1018,322706,748,3,In Stock
1932,Biotique Skincare Product,Biotique,Skincare,483,410.55,15,3.9,1768.0,,2024,2687,1297821,918,1,In Stock
1933,Nykaa Makeup Product,Nykaa,Makeup,281,224.8,20,3.8,2164.0,Combination,2025,1150,323150,466,7,In Stock
1934,Nivea Makeup Product,Nivea,Makeup,483,338.1,30,3.5,1954.0,,2024,490,236670,331,2,In Stock
1935,Dove Haircare Product,Dove,Haircare,483,410.55,15,4.0,1892.0,,2024,819,395577,266,2,In Stock
1936,Biotique Skincare Product,Biotique,Skincare,309,231.75,25,3.2,1831.0,,2025,1393,430437,760,4,In Stock
1937,Nivea Haircare Product,Nivea,Haircare,1004,903.6,10,4.2,1777.0,,2025,4408,4425632,2296,1,Out of Stock
1938,Nivea Skincare Product,Nivea,Skincare,293,249.05,15,3.8,1455.0,,2025,3779,1107247,1765,6,Out of Stock
1939,Himalaya Skincare Product,Himalaya,Skincare,496,446.4,10,3.6,1576.0,,2024,3956,1962176,1967,5,Out of Stock
1940,Himalaya Haircare Product,Himalaya,Haircare,1494,1195.2,20,4.2,1472.0,,2024,1627,2430738,919,3,In Stock
1941,Lakme Haircare Product,Lakme,Haircare,1488,1264.8,15,4.3,1683.0,,2024,4058,6038304,1544,6,Out of Stock
1942,L'Oreal Skincare Product,L'Oreal,Skincare,316,221.2,30,4.0,1830.0,,2025,3401,1074716,1992,5,Out of Stock
1943,Minimalist Haircare Product,Minimalist,Haircare,517,361.9,30,4.0,1661.0,,2025,4845,2504865,3404,2,Out of Stock
1944,Nykaa Skincare Product,Nykaa,Skincare,1017,864.45,15,4.0,2141.0,Combination,2025,2399,2439783,1631,6,In Stock
1945,Lakme Skincare Product,Lakme,Skincare,1506,1204.8,20,4.0,2106.0,,2024,3652,5499912,1376,5,Out of Stock
1946,Maybelline Haircare Product,Maybelline,Haircare,502,376.5,25,3.6,1689.0,,2024,1291,648082,483,2,In Stock
1947,Nykaa Skincare Product,Nykaa,Skincare,291,203.7,30,3.3,1344.0,Dry,2025,1175,341925,510,2,In Stock
1948,Minimalist Makeup Product,Minimalist,Makeup,282,197.4,30,3.4,1990.0,,2025,2651,747582,1273,2,In Stock
1949,Mamaearth Haircare Product,Mamaearth,Haircare,1501,1275.85,15,4.2,1737.0,,2025,1240,1861240,625,2,In Stock
1950,L'Oreal Makeup Product,L'Oreal,Makeup,513,461.7,10,3.6,1802.0,,2024,4181,2144853,2675,7,Out of Stock
1951,Lakme Skincare Product,Lakme,Skincare,499,399.2,20,4.2,2090.0,,2024,4889,2439611,1605,2,Out of Stock
1952,Lakme Haircare Product,Lakme,Haircare,1515,1363.5,10,4.2,1640.0,,2025,4498,6814470,1427,4,Out of Stock
1953,Nivea Haircare Product,Nivea,Haircare,493,345.1,30,3.7,,,2024,122,60146,60,6,In Stock
1954,Maybelline Haircare Product,Maybelline,Haircare,1517,1289.45,15,4.2,1922.0,,2025,1964,2979388,1273,5,In Stock
1955,L'Oreal Haircare Product,L'Oreal,Haircare,288,216.0,25,3.9,1523.0,,2025,2522,726336,1000,4,In Stock
1956,Biotique Haircare Product,Biotique,Haircare,1505,1354.5,10,4.4,2091.0,,2025,3096,4659480,1921,7,Out of Stock
1957,Himalaya Haircare Product,Himalaya,Haircare,684,478.8,30,4.1,2222.0,,2024,757,517788,325,4,In Stock
1958,Mamaearth Makeup Product,Mamaearth,Makeup,1514,1286.9,15,3.8,1786.0,,2024,1854,2806956,1377,1,In Stock
1959,Maybelline Makeup Product,Maybelline,Makeup,1495,1121.25,25,4.4,1714.0,,2025,3763,5625685,2814,1,Out of Stock
1960,Maybelline Haircare Product,Maybelline,Haircare,1481,1258.85,15,3.8,1454.0,,2024,2614,3871334,1172,1,In Stock
1961,L'Oreal Makeup Product,L'Oreal,Makeup,679,577.15,15,3.7,1643.0,,2024,2525,1714475,1047,3,In Stock
1962,Lakme Makeup Product,Lakme,Makeup,691,587.35,15,3.7,1934.0,,2024,3660,2529060,1850,1,Out of Stock
1963,Himalaya Makeup Product,Himalaya,Makeup,718,538.5,25,3.9,2281.0,,2025,4305,3090990,1809,5,Out of Stock
1964,Minimalist Skincare Product,Minimalist,Skincare,285,199.5,30,4.1,1842.0,,2024,2873,818805,1827,4,In Stock
1965,Lakme Skincare Product,Lakme,Skincare,692,519.0,25,3.4,1475.0,,2024,1785,1235220,1272,5,In Stock
1966,Himalaya Makeup Product,Himalaya,Makeup,1496,1346.4,10,4.1,2375.0,,2024,1635,2445960,1040,6,In Stock
1967,Maybelline Makeup Product,Maybelline,Makeup,491,417.35,15,3.4,1678.0,,2024,116,56956,82,1,In Stock
1968,Maybelline Haircare Product,Maybelline,Haircare,985,738.75,25,4.2,,,2025,3111,3064335,1550,7,Out of Stock
1969,Nivea Haircare Product,Nivea,Haircare,1507,1280.95,15,4.5,2170.0,,2024,2478,3734346,937,3,In Stock
1970,Maybelline Makeup Product,Maybelline,Makeup,1502,1351.8,10,4.0,1863.0,,2025,4203,6312906,2811,6,Out of Stock
1971,Himalaya Skincare Product,Himalaya,Skincare,990,792.0,20,4.0,2295.0,,2025,391,387090,187,7,In Stock
1972,Himalaya Haircare Product,Himalaya,Haircare,1484,1187.2,20,4.6,2190.0,,2024,2824,4190816,1795,3,In Stock
1973,Nivea Skincare Product,Nivea,Skincare,1487,1189.6,20,4.0,2066.0,,2024,2867,4263229,1248,6,In Stock
1974,Minimalist Haircare Product,Minimalist,Haircare,492,344.4,30,3.5,2073.0,,2025,2711,1333812,923,4,In Stock
1975,Maybelline Haircare Product,Maybelline,Haircare,481,360.75,25,3.8,1811.0,,2025,1282,616642,1020,5,In Stock
1976,Dove Haircare Product,Dove,Haircare,687,515.25,25,4.1,2075.0,,2024,3924,2695788,1483,2,Out of Stock
1977,Minimalist Skincare Product,Minimalist,Skincare,689,482.3,30,3.7,2093.0,,2024,2451,1688739,1946,5,In Stock
1978,Mamaearth Makeup Product,Mamaearth,Makeup,297,252.45,15,3.7,1743.0,,2024,1544,458568,1217,1,In Stock
1979,Maybelline Makeup Product,Maybelline,Makeup,1514,1362.6,10,4.1,1791.0,,2024,4261,6451154,2969,7,Out of Stock
1980,Nykaa Skincare Product,Nykaa,Skincare,498,448.2,10,3.7,1740.0,Combination,2024,711,354078,447,2,In Stock
1981,Mamaearth Skincare Product,Mamaearth,Skincare,298,208.6,30,3.6,1747.0,,2024,3933,1172034,2316,3,Out of Stock
1982,Mamaearth Makeup Product,Mamaearth,Makeup,308,231.0,25,3.8,1798.0,,2025,3669,1130052,2689,4,Out of Stock
1983,Himalaya Skincare Product,Himalaya,Skincare,283,226.4,20,3.6,1635.0,,2025,1918,542794,852,4,In Stock
1984,Mamaearth Skincare Product,Mamaearth,Skincare,282,253.8,10,3.8,2007.0,,2025,2384,672288,1272,3,In Stock
1985,Biotique Makeup Product,Biotique,Makeup,491,368.25,25,3.7,,,2025,3424,1681184,2087,1,Out of Stock
1986,Dove Makeup Product,Dove,Makeup,715,536.25,25,,1652.0,,2025,1066,762190,538,3,In Stock
1987,L'Oreal Skincare Product,L'Oreal,Skincare,514,359.8,30,3.9,2120.0,,2025,4456,2290384,2289,6,Out of Stock
1988,Himalaya Haircare Product,Himalaya,Haircare,707,530.25,25,3.9,,,2024,257,181699,119,7,In Stock
1989,Nykaa Haircare Product,Nykaa,Haircare,294,264.6,10,3.5,2221.0,Combination,2024,2715,798210,1580,7,In Stock
1990,Maybelline Haircare Product,Maybelline,Haircare,979,685.3,30,4.2,1566.0,,2025,2543,2489597,1844,1,In Stock
1991,Biotique Makeup Product,Biotique,Makeup,693,589.05,15,4.1,1717.0,,2024,682,472626,273,2,In Stock
1992,Minimalist Haircare Product,Minimalist,Haircare,979,685.3,30,3.9,2084.0,,2025,2152,2106808,1651,3,In Stock
1993,Biotique Makeup Product,Biotique,Makeup,706,635.4,10,4.1,,,2024,3009,2124354,1939,1,Out of Stock
1994,L'Oreal Skincare Product,L'Oreal,Skincare,1492,1268.2,15,3.9,1986.0,,2024,3133,4674436,2229,7,Out of Stock
1995,Himalaya Makeup Product,Himalaya,Makeup,1515,1363.5,10,4.4,1891.0,,2024,4802,7275030,2776,2,Out of Stock
1996,Nivea Makeup Product,Nivea,Makeup,1004,903.6,10,3.7,2098.0,,2024,1981,1988924,1366,3,In Stock
1997,Biotique Skincare Product,Biotique,Skincare,1491,1192.8,20,4.3,1309.0,,2024,3769,5619579,1161,4,Out of Stock
1998,Mamaearth Makeup Product,Mamaearth,Makeup,716,608.6,15,3.9,1263.0,,2024,2612,1870192,1852,3,In Stock
1999,Maybelline Haircare Product,Maybelline,Haircare,989,890.1,10,4.1,2301.0,,2024,1729,1709981,553,5,In Stock
2000,L'Oreal Haircare Product,L'Oreal,Haircare,516,361.2,30,3.9,1499.0,,2024,286,147576,213,3,In Stock
2001,Lakme Skincare Product,Lakme,Skincare,1504,1128.0,25,4.3,1469.0,,2024,4493,6757472,3576,5,Out of Stock
2002,Himalaya Haircare Product,Himalaya,Haircare,1490,1266.5,15,4.4,2110.0,,2024,4775,7114750,2134,2,Out of Stock
2003,Minimalist Skincare Product,Minimalist,Skincare,994,695.8,30,4.2,2189.0,,2024,1590,1580460,644,3,In Stock
2004,Nykaa Skincare Product,Nykaa,Skincare,991,693.7,30,4.0,1733.0,Oily,2025,3993,3957063,2725,2,Out of Stock
2005,Minimalist Haircare Product,Minimalist,Haircare,690,483.0,30,,1927.0,,2024,413,284970,176,2,In Stock
2006,Minimalist Makeup Product,Minimalist,Makeup,694,520.5,25,3.8,1752.0,,2024,2418,1678092,1771,7,In Stock
2007,Minimalist Makeup Product,Minimalist,Makeup,708,637.2,10,3.8,,,2025,335,237180,117,1,In Stock
2008,Lakme Haircare Product,Lakme,Haircare,995,746.25,25,4.0,1665.0,,2024,198,197010,71,2,In Stock
2009,Lakme Makeup Product,Lakme,Makeup,1499,1349.1,10,4.6,2359.0,,2024,4087,6126413,3226,2,Out of Stock
2010,Minimalist Haircare Product,Minimalist,Haircare,505,404.0,20,4.1,2116.0,,2025,4601,2323505,2930,7,Out of Stock
2011,Dove Skincare Product,Dove,Skincare,309,231.75,25,,1602.0,,2024,1816,561144,1313,7,In Stock
2012,Nivea Skincare Product,Nivea,Skincare,294,205.8,30,3.4,1862.0,,2025,4945,1453830,2285,3,Out of Stock
2013,Mamaearth Makeup Product,Mamaearth,Makeup,991,743.25,25,3.8,1405.0,,2025,1062,1052442,677,7,In Stock
2014,Minimalist Skincare Product,Minimalist,Skincare,506,430.1,15,3.9,928.0,,2024,2881,1457786,1720,3,In Stock
2015,Nivea Haircare Product,Nivea,Haircare,504,378.0,25,3.7,2157.0,,2025,2557,1288728,1538,4,In Stock
2016,Nykaa Haircare Product,Nykaa,Haircare,688,481.6,30,4.0,1980.0,Oily,2025,1573,1082224,1008,7,In Stock
2017,Himalaya Makeup Product,Himalaya,Makeup,696,626.4,10,4.0,1919.0,,2024,2835,1973160,1666,1,In Stock
2018,Dove Skincare Product,Dove,Skincare,1006,704.2,30,3.9,1878.0,,2025,2606,2621636,1340,2,In Stock
2019,Nykaa Skincare Product,Nykaa,Skincare,1483,1260.55,15,4.0,1728.0,Combination,2025,3775,5598325,1653,1,Out of Stock
2020,Biotique Skincare Product,Biotique,Skincare,712,498.4,30,4.2,,,2024,4626,3293712,3165,5,Out of Stock
2021,Minimalist Skincare Product,Minimalist,Skincare,682,511.5,25,,2314.0,,2024,1651,1125982,682,7,In Stock
2022,Dove Makeup Product,Dove,Makeup,297,237.6,20,3.4,1376.0,,2025,2458,730026,1588,2,In Stock
2023,Himalaya Makeup Product,Himalaya,Makeup,313,281.7,10,3.9,1743.0,,2025,390,122070,162,1,In Stock
2024,Nykaa Skincare Product,Nykaa,Skincare,995,895.5,10,4.1,1589.0,Dry,2025,2867,2852665,1756,7,In Stock
2025,Dove Makeup Product,Dove,Makeup,315,220.5,30,3.5,1320.0,,2025,2546,801990,1714,7,In Stock
2026,Biotique Skincare Product,Biotique,Skincare,1015,812.0,20,4.2,1818.0,,2025,4980,5054700,2038,4,Out of Stock
2027,L'Oreal Makeup Product,L'Oreal,Makeup,316,284.4,10,3.6,1674.0,,2025,1775,560900,585,4,In Stock
2028,Lakme Skincare Product,Lakme,Skincare,289,216.75,25,3.6,2480.0,,2024,1739,502571,635,2,In Stock
2029,Nivea Skincare Product,Nivea,Skincare,489,391.2,20,4.0,1188.0,,2024,3317,1622013,2000,5,Out of Stock
2030,Nivea Skincare Product,Nivea,Skincare,1499,1274.15,15,,1960.0,,2024,4456,6679544,3229,4,Out of Stock
2031,Dove Haircare Product,Dove,Haircare,291,218.25,25,3.9,2131.0,,2025,311,90501,100,4,In Stock
2032,Lakme Haircare Product,Lakme,Haircare,305,259.25,15,3.7,1962.0,,2024,1492,455060,995,5,In Stock
2033,Biotique Makeup Product,Biotique,Makeup,997,797.6,20,4.2,,,2024,455,453635,214,1,In Stock
2034,Himalaya Skincare Product,Himalaya,Skincare,1486,1040.2,30,4.4,1436.0,,2025,2240,3328640,1207,4,In Stock
2035,Nykaa Haircare Product,Nykaa,Haircare,686,480.2,30,4.0,1773.0,Combination,2024,4487,3078082,3429,3,Out of Stock
2036,Himalaya Skincare Product,Himalaya,Skincare,1498,1123.5,25,3.7,1386.0,,2025,293,438914,136,6,In Stock
2037,L'Oreal Haircare Product,L'Oreal,Haircare,497,447.3,10,4.1,1904.0,,2024,4635,2303595,2468,6,Out of Stock
2038,Nykaa Makeup Product,Nykaa,Makeup,1486,1188.8,20,4.3,1577.0,Oily,2025,4157,6177302,1275,4,Out of Stock
2039,Dove Makeup Product,Dove,Makeup,991,743.25,25,4.2,1842.0,,2024,610,604510,207,1,In Stock
2040,Maybelline Makeup Product,Maybelline,Makeup,715,607.75,15,3.6,2013.0,,2024,4187,2993705,1797,7,Out of Stock
2041,Lakme Skincare Product,Lakme,Skincare,717,537.75,25,4.1,2380.0,,2025,2775,1989675,871,1,In Stock
2042,L'Oreal Haircare Product,L'Oreal,Haircare,280,238.0,15,3.8,1991.0,,2025,643,180040,395,2,In Stock
2043,Minimalist Haircare Product,Minimalist,Haircare,296,222.0,25,3.5,1920.0,,2024,1876,555296,962,3,In Stock
2044,Himalaya Skincare Product,Himalaya,Skincare,1010,757.5,25,4.1,1816.0,,2024,3279,3311790,1882,1,Out of Stock
2045,Nivea Haircare Product,Nivea,Haircare,1011,859.35,15,3.8,1438.0,,2025,3337,3373707,1292,5,Out of Stock
2046,Nykaa Haircare Product,Nykaa,Haircare,995,845.75,15,4.0,1896.0,Combination,2024,4123,4102385,1846,3,Out of Stock
2047,Mamaearth Haircare Product,Mamaearth,Haircare,1501,1350.9,10,4.2,,,2024,183,274683,115,6,In Stock
2048,Nykaa Haircare Product,Nykaa,Haircare,1001,900.9,10,4.2,,Oily,2024,3188,3191188,2495,3,Out of Stock
2049,L'Oreal Haircare Product,L'Oreal,Haircare,297,237.6,20,3.4,1887.0,,2025,3969,1178793,1290,5,Out of Stock
2050,Minimalist Makeup Product,Minimalist,Makeup,296,236.8,20,3.7,1634.0,,2024,122,36112,90,4,In Stock
2051,Nivea Haircare Product,Nivea,Haircare,680,612.0,10,4.1,2233.0,,2024,4544,3089920,2673,5,Out of Stock
2052,Dove Skincare Product,Dove,Skincare,691,587.35,15,3.9,2108.0,,2025,4275,2954025,2487,5,Out of Stock
2053,Nivea Makeup Product,Nivea,Makeup,985,837.25,15,4.1,1424.0,,2024,3028,2982580,1665,4,Out of Stock
2054,Himalaya Makeup Product,Himalaya,Makeup,1014,760.5,25,4.2,2418.0,,2025,4411,4472754,1476,4,Out of Stock
2055,Nivea Haircare Product,Nivea,Haircare,491,343.7,30,4.1,1415.0,,2024,2035,999185,701,4,In Stock
2056,Minimalist Makeup Product,Minimalist,Makeup,1005,904.5,10,4.0,2163.0,,2024,842,846210,505,4,In Stock
2057,Biotique Makeup Product,Biotique,Makeup,1516,1137.0,25,4.9,1740.0,,2024,4309,6532444,2027,4,Out of Stock
2058,Maybelline Makeup Product,Maybelline,Makeup,994,795.2,20,4.4,2173.0,,2025,144,143136,109,5,In Stock
2059,Himalaya Haircare Product,Himalaya,Haircare,997,797.6,20,4.0,1763.0,,2025,1183,1179451,595,2,In Stock
2060,Nivea Haircare Product,Nivea,Haircare,280,252.0,10,3.4,1697.0,,2025,4967,1390760,1845,2,Out of Stock
2061,Biotique Haircare Product,Biotique,Haircare,291,232.8,20,4.0,1469.0,,2024,287,83517,188,1,In Stock
2062,Himalaya Skincare Product,Himalaya,Skincare,517,439.45,15,3.4,,,2024,2996,1548932,1338,2,In Stock
2063,Nivea Skincare Product,Nivea,Skincare,1013,810.4,20,3.7,1644.0,,2025,2580,2613540,1451,6,In Stock
2064,Biotique Makeup Product,Biotique,Makeup,1479,1109.25,25,4.1,1896.0,,2025,2010,2972790,1304,2,In Stock
2065,L'Oreal Makeup Product,L'Oreal,Makeup,1499,1199.2,20,4.1,,,2025,1098,1645902,823,5,In Stock
2066,L'Oreal Makeup Product,L'Oreal,Makeup,713,534.75,25,3.8,2098.0,,2025,2579,1838827,1795,4,In Stock
2067,L'Oreal Makeup Product,L'Oreal,Makeup,986,788.8,20,4.3,,,2024,3014,2971804,1923,4,Out of Stock
2068,Himalaya Skincare Product,Himalaya,Skincare,1499,1124.25,25,4.3,1562.0,,2024,1013,1518487,648,7,In Stock
2069,Mamaearth Makeup Product,Mamaearth,Makeup,1501,1050.7,30,3.9,2078.0,,2025,586,879586,452,7,In Stock
2070,Biotique Makeup Product,Biotique,Makeup,307,260.95,15,,1383.0,,2025,4273,1311811,1913,7,Out of Stock
2071,L'Oreal Skincare Product,L'Oreal,Skincare,1507,1054.9,30,4.3,2140.0,,2025,3729,5619603,1120,5,Out of Stock
2072,Biotique Makeup Product,Biotique,Makeup,479,359.25,25,3.4,1231.0,,2024,4237,2029523,1847,6,Out of Stock
2073,Biotique Skincare Product,Biotique,Skincare,713,534.75,25,4.1,1947.0,,2025,3774,2690862,1543,2,Out of Stock
2074,L'Oreal Haircare Product,L'Oreal,Haircare,479,431.1,10,3.8,1242.0,,2024,592,283568,373,5,In Stock
2075,Biotique Skincare Product,Biotique,Skincare,1509,1131.75,25,4.5,1631.0,,2025,895,1350555,552,1,In Stock
2076,Maybelline Skincare Product,Maybelline,Skincare,309,278.1,10,3.7,1583.0,,2024,3653,1128777,2179,4,Out of Stock
2077,Nivea Makeup Product,Nivea,Makeup,1480,1258.0,15,4.3,1794.0,,2025,3086,4567280,950,7,Out of Stock
2078,L'Oreal Haircare Product,L'Oreal,Haircare,1012,759.0,25,3.8,1979.0,,2025,2544,2574528,1690,3,In Stock
2079,Dove Skincare Product,Dove,Skincare,695,521.25,25,3.9,1201.0,,2025,4535,3151825,2094,1,Out of Stock
2080,Nivea Haircare Product,Nivea,Haircare,1479,1183.2,20,3.8,1556.0,,2024,2769,4095351,1751,7,In Stock
2081,Nykaa Makeup Product,Nykaa,Makeup,490,367.5,25,4.0,1958.0,Dry,2024,1934,947660,1118,6,In Stock
2082,Maybelline Skincare Product,Maybelline,Skincare,483,434.7,10,3.7,1985.0,,2025,4188,2022804,1974,1,Out of Stock
2083,Dove Makeup Product,Dove,Makeup,999,899.1,10,4.1,2216.0,,2025,4399,4394601,1615,5,Out of Stock
2084,Nykaa Haircare Product,Nykaa,Haircare,493,443.7,10,3.9,2136.0,Dry,2025,3251,1602743,1128,2,Out of Stock
2085,Lakme Haircare Product,Lakme,Haircare,303,212.1,30,3.6,1771.0,,2024,2760,836280,1975,4,In Stock
2086,Dove Haircare Product,Dove,Haircare,691,518.25,25,4.1,1673.0,,2025,2003,1384073,1520,6,In Stock
2087,Biotique Skincare Product,Biotique,Skincare,995,746.25,25,3.9,1585.0,,2024,4787,4763065,2991,6,Out of Stock
2088,Himalaya Haircare Product,Himalaya,Haircare,702,561.6,20,3.7,1677.0,,2025,3900,2737800,1371,3,Out of Stock
2089,Mamaearth Skincare Product,Mamaearth,Skincare,1492,1342.8,10,4.2,1924.0,,2025,739,1102588,370,1,In Stock
2090,Minimalist Makeup Product,Minimalist,Makeup,1504,1128.0,25,4.3,,,2024,2000,3008000,1328,3,In Stock
2091,Nivea Skincare Product,Nivea,Skincare,486,364.5,25,4.0,1696.0,,2024,506,245916,349,2,In Stock
2092,Mamaearth Makeup Product,Mamaearth,Makeup,316,268.6,15,3.5,1976.0,,2024,2180,688880,782,7,In Stock
2093,Nivea Skincare Product,Nivea,Skincare,999,849.15,15,4.1,2319.0,,2025,4026,4021974,1207,2,Out of Stock
2094,Lakme Makeup Product,Lakme,Makeup,497,372.75,25,3.6,1956.0,,2024,4294,2134118,2817,7,Out of Stock
2095,L'Oreal Skincare Product,L'Oreal,Skincare,998,848.3,15,3.8,1821.0,,2024,1229,1226542,587,3,In Stock
2096,Lakme Haircare Product,Lakme,Haircare,514,462.6,10,3.7,901.0,,2024,4335,2228190,1852,4,Out of Stock
2097,Mamaearth Makeup Product,Mamaearth,Makeup,486,413.1,15,3.5,1744.0,,2025,3615,1756890,1107,2,Out of Stock
2098,Nykaa Haircare Product,Nykaa,Haircare,992,892.8,10,3.8,1725.0,Combination,2024,932,924544,531,3,In Stock
2099,L'Oreal Skincare Product,L'Oreal,Skincare,518,388.5,25,3.9,2227.0,,2024,449,232582,325,1,In Stock
2100,Minimalist Haircare Product,Minimalist,Haircare,717,573.6,20,4.1,1689.0,,2025,658,471786,512,3,In Stock
2101,Dove Makeup Product,Dove,Makeup,1016,762.0,25,3.7,1807.0,,2025,1688,1715008,983,3,In Stock
2102,Nykaa Skincare Product,Nykaa,Skincare,981,784.8,20,3.7,1731.0,All,2024,2198,2156238,1224,5,In Stock
2103,Nivea Makeup Product,Nivea,Makeup,1482,1259.7,15,,2135.0,,2024,1432,2122224,490,2,In Stock
2104,Dove Makeup Product,Dove,Makeup,299,239.2,20,3.6,1794.0,,2025,1453,434447,834,4,In Stock
2105,L'Oreal Haircare Product,L'Oreal,Haircare,1510,1057.0,30,4.5,1896.0,,2024,869,1312190,425,4,In Stock
2106,Mamaearth Haircare Product,Mamaearth,Haircare,1486,1114.5,25,4.7,1963.0,,2024,3342,4966212,2017,5,Out of Stock
2107,Maybelline Skincare Product,Maybelline,Skincare,316,237.0,25,3.4,2165.0,,2025,869,274604,429,7,In Stock
2108,Nykaa Haircare Product,Nykaa,Haircare,312,249.6,20,3.6,1506.0,Combination,2025,469,146328,197,6,In Stock
2109,Lakme Haircare Product,Lakme,Haircare,696,626.4,10,4.0,1992.0,,2024,4269,2971224,1483,7,Out of Stock
2110,Mamaearth Makeup Product,Mamaearth,Makeup,1479,1109.25,25,4.1,1635.0,,2024,4567,6754593,2089,4,Out of Stock
2111,Nivea Makeup Product,Nivea,Makeup,1480,1110.0,25,4.2,1603.0,,2025,3352,4960960,1167,3,Out of Stock
2112,L'Oreal Haircare Product,L'Oreal,Haircare,684,547.2,20,3.8,1227.0,,2024,1558,1065672,605,5,In Stock
2113,Maybelline Haircare Product,Maybelline,Haircare,508,355.6,30,,1914.0,,2024,817,415036,648,1,In Stock
2114,Lakme Skincare Product,Lakme,Skincare,1017,864.45,15,3.7,1471.0,,2025,2094,2129598,1093,2,In Stock
2115,Maybelline Haircare Product,Maybelline,Haircare,694,624.6,10,4.1,2075.0,,2025,2189,1519166,1238,2,In Stock
2116,Lakme Skincare Product,Lakme,Skincare,717,609.45,15,3.4,,,2025,3079,2207643,2268,2,Out of Stock
2117,Mamaearth Skincare Product,Mamaearth,Skincare,516,412.8,20,3.9,1483.0,,2025,1599,825084,1275,3,In Stock
2118,Biotique Haircare Product,Biotique,Haircare,703,632.7,10,3.5,,,2025,1814,1275242,1072,1,In Stock
2119,Biotique Skincare Product,Biotique,Skincare,288,244.8,15,3.3,1579.0,,2025,2695,776160,1903,5,In Stock
2120,Maybelline Haircare Product,Maybelline,Haircare,1516,1364.4,10,4.2,1476.0,,2025,3766,5709256,1745,5,Out of Stock
2121,Minimalist Skincare Product,Minimalist,Skincare,1492,1044.4,30,4.2,1523.0,,2025,4655,6945260,2108,2,Out of Stock
2122,Lakme Makeup Product,Lakme,Makeup,310,248.0,20,4.2,2100.0,,2025,4531,1404610,2271,1,Out of Stock
2123,Maybelline Haircare Product,Maybelline,Haircare,297,237.6,20,3.8,1735.0,,2024,2343,695871,1490,1,In Stock
2124,Minimalist Makeup Product,Minimalist,Makeup,997,797.6,20,3.8,2013.0,,2025,4887,4872339,3133,1,Out of Stock
2125,Himalaya Makeup Product,Himalaya,Makeup,683,614.7,10,3.9,1956.0,,2024,2758,1883714,1262,4,In Stock
2126,Himalaya Haircare Product,Himalaya,Haircare,496,421.6,15,4.1,,,2024,950,471200,348,4,In Stock
2127,Nivea Skincare Product,Nivea,Skincare,693,589.05,15,4.3,2094.0,,2024,3134,2171862,1931,2,Out of Stock
2128,Biotique Skincare Product,Biotique,Skincare,682,545.6,20,3.9,1557.0,,2025,2059,1404238,749,1,In Stock
2129,Maybelline Haircare Product,Maybelline,Haircare,987,690.9,30,4.2,957.0,,2025,291,287217,171,6,In Stock
2130,Nivea Makeup Product,Nivea,Makeup,304,273.6,10,,1128.0,,2024,2435,740240,1574,1,In Stock
2131,Maybelline Skincare Product,Maybelline,Skincare,279,195.3,30,3.8,2417.0,,2024,4318,1204722,2808,5,Out of Stock
2132,Nivea Haircare Product,Nivea,Haircare,1004,753.0,25,4.4,1993.0,,2024,721,723884,487,5,In Stock
2133,Nivea Makeup Product,Nivea,Makeup,989,692.3,30,4.3,1716.0,,2024,213,210657,156,2,In Stock
2134,Maybelline Makeup Product,Maybelline,Makeup,690,552.0,20,4.0,2039.0,,2024,514,354660,282,6,In Stock
2135,Lakme Skincare Product,Lakme,Skincare,507,380.25,25,3.8,1909.0,,2025,3092,1567644,2056,1,Out of Stock
2136,Minimalist Haircare Product,Minimalist,Haircare,1016,762.0,25,4.3,2065.0,,2024,4642,4716272,2829,7,Out of Stock
2137,Lakme Makeup Product,Lakme,Makeup,987,888.3,10,4.2,1454.0,,2025,4845,4782015,1905,6,Out of Stock
2138,Maybelline Haircare Product,Maybelline,Haircare,1501,1350.9,10,4.1,1672.0,,2024,2492,3740492,779,2,In Stock
2139,Lakme Haircare Product,Lakme,Haircare,997,797.6,20,3.9,1842.0,,2024,4848,4833456,2144,5,Out of Stock
2140,Nivea Haircare Product,Nivea,Haircare,712,640.8,10,3.8,1686.0,,2025,2405,1712360,1254,7,In Stock
2141,Maybelline Makeup Product,Maybelline,Makeup,1487,1115.25,25,4.2,2183.0,,2024,4328,6435736,2633,5,Out of Stock
2142,Nykaa Makeup Product,Nykaa,Makeup,504,403.2,20,3.6,1314.0,Combination,2024,4774,2406096,3461,4,Out of Stock
2143,Minimalist Makeup Product,Minimalist,Makeup,1506,1129.5,25,4.3,1808.0,,2025,2607,3926142,1037,2,In Stock
2144,Nykaa Makeup Product,Nykaa,Makeup,285,256.5,10,3.4,1654.0,All,2024,595,169575,215,2,In Stock
2145,Nykaa Skincare Product,Nykaa,Skincare,1516,1212.8,20,4.2,1934.0,Oily,2024,4769,7229804,3728,1,Out of Stock
2146,Lakme Makeup Product,Lakme,Makeup,1015,812.0,20,4.0,2477.0,,2024,3885,3943275,1375,1,Out of Stock
2147,Maybelline Skincare Product,Maybelline,Skincare,1500,1125.0,25,4.4,1586.0,,2025,643,964500,346,4,In Stock
2148,Lakme Makeup Product,Lakme,Makeup,514,359.8,30,3.5,1347.0,,2025,4889,2512946,2898,7,Out of Stock
2149,Nykaa Haircare Product,Nykaa,Haircare,509,356.3,30,,1885.0,Combination,2024,3854,1961686,2199,3,Out of Stock
2150,Biotique Skincare Product,Biotique,Skincare,315,220.5,30,3.7,1007.0,,2025,1509,475335,517,6,In Stock
2151,Minimalist Haircare Product,Minimalist,Haircare,1014,760.5,25,4.0,1738.0,,2025,3543,3592602,1163,3,Out of Stock
2152,Mamaearth Skincare Product,Mamaearth,Skincare,992,843.2,15,4.2,1909.0,,2025,2651,2629792,935,3,In Stock
2153,L'Oreal Makeup Product,L'Oreal,Makeup,495,371.25,25,4.3,2216.0,,2025,2494,1234530,1478,2,In Stock
2154,Himalaya Haircare Product,Himalaya,Haircare,1494,1045.8,30,4.4,2017.0,,2024,2722,4066668,1557,6,In Stock
2155,Minimalist Haircare Product,Minimalist,Haircare,305,274.5,10,3.5,1851.0,,2024,4250,1296250,1771,2,Out of Stock
2156,L'Oreal Skincare Product,L'Oreal,Skincare,507,456.3,10,,1768.0,,2025,66,33462,40,6,In Stock
2157,Dove Skincare Product,Dove,Skincare,1000,850.0,15,3.9,2363.0,,2024,3241,3241000,2301,5,Out of Stock
2158,Nykaa Haircare Product,Nykaa,Haircare,283,226.4,20,3.7,,Dry,2024,442,125086,141,2,In Stock
2159,Lakme Skincare Product,Lakme,Skincare,1493,1269.05,15,4.4,1602.0,,2025,474,707682,260,2,In Stock
2160,Himalaya Skincare Product,Himalaya,Skincare,488,439.2,10,3.7,2041.0,,2025,621,303048,400,2,In Stock
2161,Maybelline Skincare Product,Maybelline,Skincare,1505,1354.5,10,4.0,2039.0,,2024,3681,5539905,1568,7,Out of Stock
2162,Minimalist Haircare Product,Minimalist,Haircare,300,270.0,10,3.5,1514.0,,2024,1170,351000,531,4,In Stock
2163,Lakme Makeup Product,Lakme,Makeup,985,788.0,20,3.9,2255.0,,2025,291,286635,176,2,In Stock
2164,Biotique Haircare Product,Biotique,Haircare,1017,915.3,10,4.0,1545.0,,2025,3947,4014099,2956,1,Out of Stock
2165,Nivea Skincare Product,Nivea,Skincare,296,222.0,25,3.6,1765.0,,2024,4145,1226920,2922,1,Out of Stock
2166,Lakme Makeup Product,Lakme,Makeup,505,353.5,30,4.1,1768.0,,2024,2329,1176145,1377,6,In Stock
2167,L'Oreal Makeup Product,L'Oreal,Makeup,282,239.7,15,3.6,1691.0,,2025,838,236316,557,5,In Stock
2168,Lakme Makeup Product,Lakme,Makeup,1497,1272.45,15,4.2,1918.0,,2024,764,1143708,368,4,In Stock
2169,L'Oreal Skincare Product,L'Oreal,Skincare,517,413.6,20,3.6,1840.0,,2025,4904,2535368,3042,7,Out of Stock
2170,Dove Haircare Product,Dove,Haircare,304,273.6,10,3.8,1423.0,,2025,2899,881296,1545,6,In Stock
2171,Nivea Skincare Product,Nivea,Skincare,298,253.3,15,3.8,1622.0,,2025,825,245850,325,1,In Stock
2172,Mamaearth Makeup Product,Mamaearth,Makeup,1506,1204.8,20,4.0,1746.0,,2024,4076,6138456,2652,4,Out of Stock
2173,L'Oreal Skincare Product,L'Oreal,Skincare,985,886.5,10,4.0,1701.0,,2025,2297,2262545,1328,4,In Stock
2174,L'Oreal Skincare Product,L'Oreal,Skincare,703,632.7,10,4.0,,,2025,128,89984,61,5,In Stock
2175,Biotique Haircare Product,Biotique,Haircare,695,486.5,30,4.2,1390.0,,2025,3976,2763320,3004,4,Out of Stock
2176,L'Oreal Skincare Product,L'Oreal,Skincare,310,217.0,30,3.6,1835.0,,2024,905,280550,280,2,In Stock
2177,Dove Makeup Product,Dove,Makeup,1500,1275.0,15,4.5,2528.0,,2025,2198,3297000,1006,4,In Stock
2178,Lakme Skincare Product,Lakme,Skincare,1494,1344.6,10,4.2,1291.0,,2025,1081,1615014,355,5,In Stock
2179,L'Oreal Skincare Product,L'Oreal,Skincare,1495,1046.5,30,4.6,1700.0,,2024,4990,7460050,3409,6,Out of Stock
2180,Minimalist Skincare Product,Minimalist,Skincare,1497,1122.75,25,4.5,2436.0,,2024,3321,4971537,2162,5,Out of Stock
2181,Dove Skincare Product,Dove,Skincare,284,241.4,15,4.0,1792.0,,2024,3626,1029784,1688,7,Out of Stock
2182,L'Oreal Skincare Product,L'Oreal,Skincare,1013,709.1,30,4.2,2037.0,,2025,4232,4287016,2699,5,Out of Stock
2183,Himalaya Skincare Product,Himalaya,Skincare,509,432.65,15,3.9,1781.0,,2025,3506,1784554,1745,1,Out of Stock
2184,Dove Haircare Product,Dove,Haircare,689,620.1,10,4.1,2253.0,,2025,3556,2450084,2411,2,Out of Stock
2185,L'Oreal Skincare Product,L'Oreal,Skincare,298,238.4,20,3.5,2086.0,,2025,457,136186,240,1,In Stock
2186,Nykaa Haircare Product,Nykaa,Haircare,283,226.4,20,3.4,1857.0,Combination,2025,2761,781363,1397,6,In Stock
2187,Maybelline Haircare Product,Maybelline,Haircare,517,387.75,25,3.7,1803.0,,2024,3138,1622346,2407,3,Out of Stock
2188,Nykaa Haircare Product,Nykaa,Haircare,484,387.2,20,3.7,1588.0,Dry,2024,1718,831512,730,6,In Stock
2189,Himalaya Makeup Product,Himalaya,Makeup,994,795.2,20,4.3,2201.0,,2024,197,195818,70,2,In Stock
2190,Maybelline Skincare Product,Maybelline,Skincare,503,402.4,20,3.6,1463.0,,2025,4377,2201631,2592,4,Out of Stock
2191,Minimalist Haircare Product,Minimalist,Haircare,710,568.0,20,4.0,1574.0,,2024,3947,2802370,3097,5,Out of Stock
2192,Dove Makeup Product,Dove,Makeup,1012,759.0,25,,1599.0,,2025,2000,2024000,977,3,In Stock
2193,Himalaya Makeup Product,Himalaya,Makeup,282,253.8,10,3.3,1701.0,,2025,415,117030,137,2,In Stock
2194,Lakme Skincare Product,Lakme,Skincare,1493,1194.4,20,4.3,2022.0,,2024,1724,2573932,809,1,In Stock
2195,Biotique Skincare Product,Biotique,Skincare,285,199.5,30,3.9,1652.0,,2025,4581,1305585,2533,5,Out of Stock
2196,Maybelline Skincare Product,Maybelline,Skincare,283,212.25,25,3.7,1496.0,,2024,4544,1285952,1731,6,Out of Stock
2197,Nivea Skincare Product,Nivea,Skincare,480,408.0,15,4.0,1793.0,,2025,2596,1246080,1633,1,In Stock
2198,Nivea Makeup Product,Nivea,Makeup,718,502.6,30,3.9,,,2025,612,439416,488,2,In Stock
2199,Mamaearth Makeup Product,Mamaearth,Makeup,310,232.5,25,3.7,2104.0,,2024,3612,1119720,1899,2,Out of Stock
2200,L'Oreal Haircare Product,L'Oreal,Haircare,495,371.25,25,3.8,1463.0,,2024,2539,1256805,1212,6,In Stock
2201,Lakme Skincare Product,Lakme,Skincare,996,796.8,20,4.1,1471.0,,2024,822,818712,411,3,In Stock
2202,Maybelline Haircare Product,Maybelline,Haircare,496,446.4,10,,1968.0,,2025,2087,1035152,746,6,In Stock
2203,Biotique Makeup Product,Biotique,Makeup,1513,1134.75,25,4.2,1598.0,,2024,3473,5254649,2575,4,Out of Stock
2204,Lakme Makeup Product,Lakme,Makeup,716,537.0,25,4.2,,,2025,2617,1873772,1327,1,In Stock
2205,Lakme Haircare Product,Lakme,Haircare,682,613.8,10,,2074.0,,2025,1623,1106886,801,3,In Stock
2206,Minimalist Makeup Product,Minimalist,Makeup,1011,909.9,10,3.9,,,2024,3744,3785184,2358,5,Out of Stock
2207,Nykaa Makeup Product,Nykaa,Makeup,301,225.75,25,3.9,2263.0,Dry,2025,3341,1005641,1740,7,Out of Stock
2208,Nivea Skincare Product,Nivea,Skincare,1501,1050.7,30,4.2,2014.0,,2025,1296,1945296,808,4,In Stock
2209,Maybelline Makeup Product,Maybelline,Makeup,691,518.25,25,3.9,1729.0,,2025,3769,2604379,1246,3,Out of Stock
2210,L'Oreal Haircare Product,L'Oreal,Haircare,496,421.6,15,4.2,,,2024,3889,1928944,2748,7,Out of Stock
2211,Nivea Skincare Product,Nivea,Skincare,508,431.8,15,3.8,1676.0,,2024,409,207772,315,7,In Stock
2212,Biotique Haircare Product,Biotique,Haircare,1013,861.05,15,3.9,1983.0,,2025,2426,2457538,1514,1,In Stock
2213,Nivea Haircare Product,Nivea,Haircare,998,798.4,20,4.1,1614.0,,2025,3059,3052882,2377,2,Out of Stock
2214,Biotique Makeup Product,Biotique,Makeup,1485,1262.25,15,4.5,2243.0,,2024,3043,4518855,1143,5,Out of Stock
2215,L'Oreal Makeup Product,L'Oreal,Makeup,701,595.85,15,3.8,2075.0,,2024,1012,709412,545,6,In Stock
2216,Lakme Haircare Product,Lakme,Haircare,493,394.4,20,3.6,,,2024,3682,1815226,2212,1,Out of Stock
2217,Lakme Makeup Product,Lakme,Makeup,1003,802.4,20,3.9,1433.0,,2024,1877,1882631,1109,4,In Stock
2218,Dove Makeup Product,Dove,Makeup,514,436.9,15,3.8,1168.0,,2025,1663,854782,832,7,In Stock
2219,Minimalist Skincare Product,Minimalist,Skincare,980,784.0,20,,1462.0,,2024,1690,1656200,792,4,In Stock
2220,Maybelline Skincare Product,Maybelline,Skincare,988,889.2,10,4.2,2091.0,,2024,2266,2238808,823,7,In Stock
2221,L'Oreal Haircare Product,L'Oreal,Haircare,514,385.5,25,3.6,1974.0,,2024,4362,2242068,2162,2,Out of Stock
2222,Dove Haircare Product,Dove,Haircare,299,224.25,25,,1386.0,,2024,427,127673,162,2,In Stock
2223,Minimalist Haircare Product,Minimalist,Haircare,1009,807.2,20,3.7,1876.0,,2025,4264,4302376,2844,5,Out of Stock
2224,Biotique Makeup Product,Biotique,Makeup,1505,1354.5,10,4.3,1501.0,,2024,4335,6524175,1753,6,Out of Stock
2225,L'Oreal Haircare Product,L'Oreal,Haircare,693,485.1,30,3.9,1298.0,,2025,419,290367,137,5,In Stock
2226,Nykaa Haircare Product,Nykaa,Haircare,706,635.4,10,3.5,1949.0,Oily,2025,2246,1585676,1294,2,In Stock
2227,Maybelline Makeup Product,Maybelline,Makeup,693,589.05,15,4.0,1898.0,,2025,3797,2631321,2269,2,Out of Stock
2228,Maybelline Makeup Product,Maybelline,Makeup,696,626.4,10,3.8,1666.0,,2025,701,487896,515,4,In Stock
2229,Lakme Haircare Product,Lakme,Haircare,493,419.05,15,3.8,2101.0,,2025,819,403767,481,2,In Stock
2230,Nivea Haircare Product,Nivea,Haircare,1510,1283.5,15,4.3,1743.0,,2024,2471,3731210,1168,3,In Stock
2231,Lakme Skincare Product,Lakme,Skincare,281,196.7,30,3.5,1677.0,,2025,830,233230,582,7,In Stock
2232,Mamaearth Haircare Product,Mamaearth,Haircare,679,543.2,20,4.2,1663.0,,2025,1766,1199114,1006,1,In Stock
2233,L'Oreal Skincare Product,L'Oreal,Skincare,1506,1129.5,25,4.6,2119.0,,2024,4033,6073698,1369,2,Out of Stock
2234,Minimalist Skincare Product,Minimalist,Skincare,1512,1360.8,10,4.2,1249.0,,2025,1361,2057832,793,5,In Stock
2235,Mamaearth Skincare Product,Mamaearth,Skincare,296,207.2,30,3.7,1475.0,,2024,3409,1009064,2570,6,Out of Stock
2236,Himalaya Haircare Product,Himalaya,Haircare,488,366.0,25,3.4,1534.0,,2024,572,279136,284,7,In Stock
2237,Dove Skincare Product,Dove,Skincare,502,451.8,10,3.7,1797.0,,2025,571,286642,255,7,In Stock
2238,Nivea Skincare Product,Nivea,Skincare,1500,1050.0,30,4.0,1993.0,,2024,4928,7392000,1831,6,Out of Stock
2239,Dove Skincare Product,Dove,Skincare,1499,1274.15,15,3.9,1851.0,,2025,2370,3552630,890,6,In Stock
2240,L'Oreal Skincare Product,L'Oreal,Skincare,997,847.45,15,4.0,1753.0,,2025,985,982045,508,7,In Stock
2241,Nivea Makeup Product,Nivea,Makeup,1012,759.0,25,4.3,1956.0,,2025,2280,2307360,1363,3,In Stock
2242,Nykaa Haircare Product,Nykaa,Haircare,1505,1128.75,25,4.2,1485.0,Dry,2024,4090,6155450,1391,5,Out of Stock
2243,Lakme Makeup Product,Lakme,Makeup,301,225.75,25,4.0,1748.0,,2024,4633,1394533,3566,3,Out of Stock
2244,Maybelline Skincare Product,Maybelline,Skincare,706,635.4,10,3.8,1678.0,,2025,4991,3523646,3381,2,Out of Stock
2245,Minimalist Skincare Product,Minimalist,Skincare,693,554.4,20,3.9,1935.0,,2024,3747,2596671,2223,1,Out of Stock
2246,Nykaa Haircare Product,Nykaa,Haircare,1482,1111.5,25,4.2,1716.0,Combination,2025,2887,4278534,2061,6,In Stock
2247,Minimalist Haircare Product,Minimalist,Haircare,693,485.1,30,3.9,2218.0,,2025,4133,2864169,1405,5,Out of Stock
2248,Himalaya Makeup Product,Himalaya,Makeup,511,408.8,20,4.1,1287.0,,2024,2511,1283121,1351,6,In Stock
2249,L'Oreal Haircare Product,L'Oreal,Haircare,1502,1126.5,25,4.4,1836.0,,2024,3293,4946086,2025,3,Out of Stock
2250,Dove Haircare Product,Dove,Haircare,1515,1136.25,25,4.2,1970.0,,2024,3409,5164635,2435,4,Out of Stock
2251,Minimalist Makeup Product,Minimalist,Makeup,1499,1199.2,20,4.4,2034.0,,2024,735,1101765,508,2,In Stock
2252,Mamaearth Makeup Product,Mamaearth,Makeup,290,246.5,15,3.1,1693.0,,2025,2210,640900,969,1,In Stock
2253,Biotique Makeup Product,Biotique,Makeup,489,391.2,20,,1083.0,,2025,4038,1974582,3111,2,Out of Stock
2254,Nykaa Makeup Product,Nykaa,Makeup,509,432.65,15,3.9,1566.0,Combination,2025,4116,2095044,1490,4,Out of Stock
2255,Nykaa Makeup Product,Nykaa,Makeup,1510,1359.0,10,3.8,1632.0,Dry,2025,1617,2441670,1192,1,In Stock
2256,Dove Haircare Product,Dove,Haircare,299,224.25,25,3.6,2203.0,,2025,88,26312,69,4,In Stock
2257,Mamaearth Haircare Product,Mamaearth,Haircare,710,497.0,30,4.1,2176.0,,2025,2594,1841740,1007,2,In Stock
2258,Mamaearth Makeup Product,Mamaearth,Makeup,981,833.85,15,4.1,1215.0,,2024,4925,4831425,3255,3,Out of Stock
2259,L'Oreal Makeup Product,L'Oreal,Makeup,299,239.2,20,3.5,1691.0,,2024,1306,390494,418,7,In Stock
2260,Nivea Skincare Product,Nivea,Skincare,302,226.5,25,3.7,1787.0,,2024,3040,918080,1528,2,Out of Stock
2261,Mamaearth Makeup Product,Mamaearth,Makeup,1009,807.2,20,4.0,,,2024,2246,2266214,1253,2,In Stock
2262,Biotique Makeup Product,Biotique,Makeup,709,638.1,10,4.1,2404.0,,2024,3518,2494262,2076,2,Out of Stock
2263,Mamaearth Haircare Product,Mamaearth,Haircare,486,388.8,20,3.8,1565.0,,2024,2758,1340388,2118,5,In Stock
2264,Dove Makeup Product,Dove,Makeup,282,197.4,30,3.4,1819.0,,2024,351,98982,223,4,In Stock
2265,Maybelline Haircare Product,Maybelline,Haircare,989,692.3,30,4.1,1814.0,,2025,696,688344,376,4,In Stock
2266,Maybelline Makeup Product,Maybelline,Makeup,1006,704.2,30,4.1,2023.0,,2025,4808,4836848,3388,6,Out of Stock
2267,Nykaa Skincare Product,Nykaa,Skincare,483,386.4,20,3.6,1616.0,Dry,2025,1809,873747,1402,4,In Stock
2268,Biotique Skincare Product,Biotique,Skincare,994,695.8,30,,1684.0,,2025,4401,4374594,1368,6,Out of Stock
2269,Nykaa Skincare Product,Nykaa,Skincare,1505,1354.5,10,4.6,1693.0,Oily,2025,647,973735,511,5,In Stock
2270,Maybelline Haircare Product,Maybelline,Haircare,695,486.5,30,4.1,1661.0,,2024,711,494145,243,3,In Stock
2271,Maybelline Makeup Product,Maybelline,Makeup,986,838.1,15,4.1,1860.0,,2024,4380,4318680,3097,6,Out of Stock
2272,Himalaya Skincare Product,Himalaya,Skincare,1501,1275.85,15,4.5,1513.0,,2024,1418,2128418,624,2,In Stock
2273,Maybelline Haircare Product,Maybelline,Haircare,1481,1184.8,20,4.9,2311.0,,2024,2631,3896511,963,3,In Stock
2274,Nykaa Haircare Product,Nykaa,Haircare,700,595.0,15,4.4,1897.0,Combination,2024,3918,2742600,2037,7,Out of Stock
2275,Nivea Makeup Product,Nivea,Makeup,706,564.8,20,3.7,1416.0,,2025,3587,2532422,2231,5,Out of Stock
2276,Minimalist Skincare Product,Minimalist,Skincare,1499,1199.2,20,4.4,1763.0,,2024,4915,7367585,2410,4,Out of Stock
2277,Himalaya Makeup Product,Himalaya,Makeup,289,260.1,10,3.7,1701.0,,2024,4358,1259462,1426,6,Out of Stock
2278,Mamaearth Skincare Product,Mamaearth,Skincare,303,242.4,20,3.6,1879.0,,2025,4608,1396224,2763,2,Out of Stock
2279,L'Oreal Skincare Product,L'Oreal,Skincare,686,617.4,10,3.4,1850.0,,2025,332,227752,249,1,In Stock
2280,Nykaa Skincare Product,Nykaa,Skincare,1005,703.5,30,3.9,1642.0,All,2024,3728,3746640,1832,7,Out of Stock
2281,Lakme Makeup Product,Lakme,Makeup,494,370.5,25,3.5,1930.0,,2025,1536,758784,626,1,In Stock
2282,Lakme Skincare Product,Lakme,Skincare,713,534.75,25,4.0,2005.0,,2024,4132,2946116,2153,3,Out of Stock
2283,Maybelline Haircare Product,Maybelline,Haircare,498,348.6,30,3.7,1824.0,,2024,4233,2108034,1372,4,Out of Stock
2284,Lakme Haircare Product,Lakme,Haircare,996,846.6,15,4.4,1727.0,,2025,510,507960,362,1,In Stock
2285,L'Oreal Haircare Product,L'Oreal,Haircare,1499,1274.15,15,4.6,,,2025,2375,3560125,1693,3,In Stock
2286,Biotique Skincare Product,Biotique,Skincare,1487,1338.3,10,4.1,,,2025,3804,5656548,2259,5,Out of Stock
2287,Maybelline Makeup Product,Maybelline,Makeup,482,361.5,25,3.5,1738.0,,2025,2518,1213676,1199,3,In Stock
2288,Mamaearth Makeup Product,Mamaearth,Makeup,1003,852.55,15,4.3,1822.0,,2025,1774,1779322,1241,7,In Stock
2289,Biotique Skincare Product,Biotique,Skincare,1494,1269.9,15,4.3,1805.0,,2025,1426,2130444,823,3,In Stock
2290,Nykaa Haircare Product,Nykaa,Haircare,693,485.1,30,4.1,2012.0,Oily,2024,2793,1935549,1991,7,In Stock
2291,Minimalist Skincare Product,Minimalist,Skincare,309,216.3,30,3.8,2180.0,,2024,564,174276,347,3,In Stock
2292,Maybelline Makeup Product,Maybelline,Makeup,681,612.9,10,3.8,1815.0,,2025,752,512112,520,2,In Stock
2293,L'Oreal Skincare Product,L'Oreal,Skincare,1482,1037.4,30,4.2,,,2024,1703,2523846,1020,3,In Stock
2294,Nykaa Skincare Product,Nykaa,Skincare,486,413.1,15,3.8,1683.0,Combination,2025,2116,1028376,1072,6,In Stock
2295,Biotique Haircare Product,Biotique,Haircare,694,589.9,15,3.9,2136.0,,2025,72,49968,56,3,In Stock
2296,Biotique Haircare Product,Biotique,Haircare,989,741.75,25,3.8,1754.0,,2024,2510,2482390,1432,2,In Stock
2297,Nivea Haircare Product,Nivea,Haircare,1008,907.2,10,4.1,1751.0,,2024,1354,1364832,815,2,In Stock
2298,Maybelline Haircare Product,Maybelline,Haircare,282,225.6,20,3.7,1615.0,,2024,3350,944700,1374,5,Out of Stock
2299,Nykaa Makeup Product,Nykaa,Makeup,496,372.0,25,3.6,2118.0,Combination,2024,411,203856,251,7,In Stock
2300,Lakme Haircare Product,Lakme,Haircare,716,644.4,10,3.5,1813.0,,2024,3777,2704332,2212,4,Out of Stock
2301,Nykaa Haircare Product,Nykaa,Haircare,304,258.4,15,,,All,2025,1334,405536,523,1,In Stock
2302,L'Oreal Haircare Product,L'Oreal,Haircare,1504,1128.0,25,4.2,2087.0,,2024,564,848256,186,1,In Stock
2303,Himalaya Haircare Product,Himalaya,Haircare,707,530.25,25,3.7,1555.0,,2025,498,352086,299,3,In Stock
2304,Lakme Skincare Product,Lakme,Skincare,495,420.75,15,4.1,2087.0,,2024,1905,942975,1298,5,In Stock
2305,Dove Haircare Product,Dove,Haircare,1479,1035.3,30,4.2,1870.0,,2024,3612,5342148,2028,3,Out of Stock
2306,Himalaya Haircare Product,Himalaya,Haircare,690,586.5,15,4.1,2296.0,,2024,2570,1773300,1062,1,In Stock
2307,Biotique Haircare Product,Biotique,Haircare,1001,850.85,15,3.8,2114.0,,2025,3131,3134131,1982,7,Out of Stock
2308,Maybelline Haircare Product,Maybelline,Haircare,1518,1366.2,10,4.2,1969.0,,2024,1478,2243604,502,7,In Stock
2309,Nykaa Haircare Product,Nykaa,Haircare,284,227.2,20,3.7,2084.0,Oily,2024,4017,1140828,2092,7,Out of Stock
2310,Biotique Makeup Product,Biotique,Makeup,1517,1365.3,10,3.8,1804.0,,2025,972,1474524,370,2,In Stock
2311,Dove Makeup Product,Dove,Makeup,482,433.8,10,3.6,1797.0,,2024,3187,1536134,1250,4,Out of Stock
2312,Maybelline Makeup Product,Maybelline,Makeup,685,616.5,10,4.1,1625.0,,2025,2209,1513165,886,5,In Stock
2313,Nykaa Haircare Product,Nykaa,Haircare,1481,1036.7,30,4.5,1934.0,Dry,2024,2597,3846157,1281,2,In Stock
2314,Minimalist Haircare Product,Minimalist,Haircare,282,225.6,20,3.6,1648.0,,2024,3029,854178,986,4,Out of Stock
2315,Dove Skincare Product,Dove,Skincare,998,898.2,10,4.0,1918.0,,2024,2331,2326338,1162,5,In Stock
2316,Mamaearth Haircare Product,Mamaearth,Haircare,279,237.15,15,3.8,1673.0,,2024,2699,753021,1500,5,In Stock
2317,Nykaa Haircare Product,Nykaa,Haircare,700,560.0,20,4.0,2420.0,Combination,2025,363,254100,196,1,In Stock
2318,Maybelline Skincare Product,Maybelline,Skincare,685,616.5,10,3.7,2163.0,,2024,2663,1824155,1308,2,In Stock
2319,Mamaearth Makeup Product,Mamaearth,Makeup,507,430.95,15,,1760.0,,2025,3133,1588431,2254,5,Out of Stock
2320,L'Oreal Skincare Product,L'Oreal,Skincare,1518,1138.5,25,4.0,1608.0,,2025,2306,3500508,859,6,In Stock
2321,Mamaearth Haircare Product,Mamaearth,Haircare,1012,708.4,30,3.9,1933.0,,2024,1087,1100044,600,7,In Stock
2322,Maybelline Skincare Product,Maybelline,Skincare,1003,902.7,10,4.1,1771.0,,2024,3539,3549617,1171,5,Out of Stock
2323,L'Oreal Haircare Product,L'Oreal,Haircare,1501,1050.7,30,4.0,2000.0,,2025,2684,4028684,900,4,In Stock
2324,Mamaearth Makeup Product,Mamaearth,Makeup,681,510.75,25,3.7,1912.0,,2025,4033,2746473,2367,1,Out of Stock
2325,Lakme Skincare Product,Lakme,Skincare,1495,1121.25,25,4.4,1723.0,,2025,1828,2732860,1065,3,In Stock
2326,Nykaa Makeup Product,Nykaa,Makeup,1006,704.2,30,3.8,1842.0,Dry,2024,3945,3968670,2915,7,Out of Stock
2327,Dove Skincare Product,Dove,Skincare,712,534.0,25,3.9,1315.0,,2024,1174,835888,679,1,In Stock
2328,L'Oreal Haircare Product,L'Oreal,Haircare,1007,855.95,15,4.0,1890.0,,2024,747,752229,582,3,In Stock
2329,Nykaa Haircare Product,Nykaa,Haircare,499,399.2,20,4.2,2437.0,Oily,2024,2229,1112271,722,2,In Stock
2330,Maybelline Skincare Product,Maybelline,Skincare,1511,1284.35,15,4.4,1775.0,,2024,1454,2196994,507,2,In Stock
2331,Minimalist Haircare Product,Minimalist,Haircare,993,744.75,25,,2035.0,,2025,1093,1085349,351,5,In Stock
2332,Nivea Skincare Product,Nivea,Skincare,511,434.35,15,3.5,1331.0,,2024,1979,1011269,777,6,In Stock
2333,Mamaearth Skincare Product,Mamaearth,Skincare,680,578.0,15,,2066.0,,2024,1063,722840,606,2,In Stock
2334,L'Oreal Makeup Product,L'Oreal,Makeup,981,735.75,25,4.3,1637.0,,2025,276,270756,171,5,In Stock
2335,Minimalist Skincare Product,Minimalist,Skincare,479,407.15,15,3.7,1827.0,,2025,1878,899562,606,7,In Stock
2336,Minimalist Skincare Product,Minimalist,Skincare,295,221.25,25,3.5,2053.0,,2024,4967,1465265,3839,1,Out of Stock
2337,L'Oreal Makeup Product,L'Oreal,Makeup,682,511.5,25,4.4,1932.0,,2024,2073,1413786,1494,2,In Stock
2338,L'Oreal Haircare Product,L'Oreal,Haircare,503,377.25,25,3.4,1573.0,,2024,2502,1258506,1121,1,In Stock
2339,Mamaearth Skincare Product,Mamaearth,Skincare,294,205.8,30,3.7,1938.0,,2025,2135,627690,722,1,In Stock
2340,Nykaa Haircare Product,Nykaa,Haircare,317,285.3,10,3.8,2058.0,Dry,2025,4333,1373561,1667,6,Out of Stock
2341,Lakme Haircare Product,Lakme,Haircare,293,205.1,30,3.7,1822.0,,2024,1130,331090,410,2,In Stock
2342,Nivea Makeup Product,Nivea,Makeup,1497,1047.9,30,4.2,2155.0,,2024,2370,3547890,857,1,In Stock
2343,Mamaearth Haircare Product,Mamaearth,Haircare,1007,855.95,15,4.0,1746.0,,2025,3240,3262680,1812,6,Out of Stock
2344,Lakme Skincare Product,Lakme,Skincare,1509,1358.1,10,4.2,1696.0,,2025,2680,4044120,1133,6,In Stock
2345,Maybelline Makeup Product,Maybelline,Makeup,708,566.4,20,3.5,1895.0,,2024,2613,1850004,1251,2,In Stock
2346,Minimalist Makeup Product,Minimalist,Makeup,706,600.1,15,3.9,1695.0,,2024,3342,2359452,2656,6,Out of Stock
2347,L'Oreal Haircare Product,L'Oreal,Haircare,1513,1286.05,15,4.1,2350.0,,2024,4671,7067223,2999,2,Out of Stock
2348,Himalaya Makeup Product,Himalaya,Makeup,1514,1211.2,20,4.2,2438.0,,2024,3636,5504904,2816,2,Out of Stock
2349,Lakme Skincare Product,Lakme,Skincare,1500,1350.0,10,4.4,2091.0,,2025,4481,6721500,1663,3,Out of Stock
2350,Biotique Makeup Product,Biotique,Makeup,696,591.6,15,3.8,1634.0,,2025,2997,2085912,1471,1,In Stock
2351,Biotique Makeup Product,Biotique,Makeup,1494,1344.6,10,4.5,1739.0,,2025,4009,5989446,2314,4,Out of Stock
2352,Lakme Makeup Product,Lakme,Makeup,1500,1200.0,20,4.3,1934.0,,2025,2863,4294500,968,2,In Stock
2353,Maybelline Skincare Product,Maybelline,Skincare,310,248.0,20,3.5,1216.0,,2025,2633,816230,795,1,In Stock
2354,Maybelline Skincare Product,Maybelline,Skincare,303,227.25,25,3.7,2133.0,,2025,211,63933,134,7,In Stock
2355,Dove Makeup Product,Dove,Makeup,1488,1264.8,15,3.8,1701.0,,2024,643,956784,399,6,In Stock
2356,Himalaya Haircare Product,Himalaya,Haircare,486,413.1,15,3.8,2000.0,,2024,3309,1608174,1672,5,Out of Stock
2357,Nivea Skincare Product,Nivea,Skincare,995,895.5,10,4.3,1717.0,,2025,4205,4183975,2290,2,Out of Stock
2358,Himalaya Haircare Product,Himalaya,Haircare,517,439.45,15,3.7,1726.0,,2024,3012,1557204,1529,6,Out of Stock
2359,L'Oreal Haircare Product,L'Oreal,Haircare,688,550.4,20,3.7,1782.0,,2025,3938,2709344,1228,6,Out of Stock
2360,Nykaa Skincare Product,Nykaa,Skincare,507,380.25,25,3.6,1689.0,Dry,2024,3440,1744080,1608,6,Out of Stock
2361,Biotique Skincare Product,Biotique,Skincare,288,230.4,20,3.4,1402.0,,2024,4551,1310688,1768,6,Out of Stock
2362,Mamaearth Skincare Product,Mamaearth,Skincare,1009,706.3,30,4.2,1514.0,,2025,713,719417,248,6,In Stock
2363,Minimalist Haircare Product,Minimalist,Haircare,281,196.7,30,3.4,1144.0,,2025,1182,332142,920,2,In Stock
2364,Nivea Skincare Product,Nivea,Skincare,695,556.0,20,3.5,1754.0,,2025,591,410745,354,7,In Stock
2365,Maybelline Makeup Product,Maybelline,Makeup,512,435.2,15,3.9,1550.0,,2024,3024,1548288,2008,4,Out of Stock
2366,Himalaya Skincare Product,Himalaya,Skincare,1507,1205.6,20,4.1,1802.0,,2024,917,1381919,419,3,In Stock
2367,L'Oreal Skincare Product,L'Oreal,Skincare,287,215.25,25,3.5,1863.0,,2025,2116,607292,1050,6,In Stock
2368,Dove Haircare Product,Dove,Haircare,1490,1266.5,15,3.9,2521.0,,2025,481,716690,201,6,In Stock
2369,Nykaa Makeup Product,Nykaa,Makeup,501,425.85,15,4.0,1287.0,Dry,2024,4885,2447385,1702,3,Out of Stock
2370,L'Oreal Makeup Product,L'Oreal,Makeup,312,265.2,15,3.5,2203.0,,2024,4328,1350336,1685,7,Out of Stock
2371,Mamaearth Haircare Product,Mamaearth,Haircare,291,261.9,10,3.5,1811.0,,2025,1256,365496,877,7,In Stock
2372,Biotique Makeup Product,Biotique,Makeup,1507,1054.9,30,4.1,1710.0,,2025,2578,3885046,1646,2,In Stock
2373,L'Oreal Haircare Product,L'Oreal,Haircare,1506,1204.8,20,4.3,2242.0,,2024,1219,1835814,699,1,In Stock
2374,Nivea Skincare Product,Nivea,Skincare,284,227.2,20,3.5,1902.0,,2025,880,249920,473,5,In Stock
2375,Nykaa Skincare Product,Nykaa,Skincare,1499,1049.3,30,4.4,1771.0,Dry,2025,1701,2549799,1294,5,In Stock
2376,Dove Skincare Product,Dove,Skincare,291,232.8,20,3.7,2167.0,,2025,1186,345126,398,1,In Stock
2377,Biotique Skincare Product,Biotique,Skincare,679,611.1,10,4.1,1691.0,,2025,2860,1941940,1259,2,In Stock
2378,Lakme Haircare Product,Lakme,Haircare,285,256.5,10,3.9,1790.0,,2025,525,149625,249,5,In Stock
2379,Mamaearth Haircare Product,Mamaearth,Haircare,487,365.25,25,3.6,1820.0,,2024,2860,1392820,1976,7,In Stock
2380,Lakme Skincare Product,Lakme,Skincare,1486,1337.4,10,4.0,2022.0,,2025,1376,2044736,1095,3,In Stock
2381,Biotique Haircare Product,Biotique,Haircare,1005,753.75,25,3.9,1653.0,,2025,1069,1074345,449,1,In Stock
2382,L'Oreal Skincare Product,L'Oreal,Skincare,686,583.1,15,3.8,1433.0,,2025,1886,1293796,1390,7,In Stock
2383,Dove Makeup Product,Dove,Makeup,1487,1338.3,10,4.4,2161.0,,2025,4306,6403022,3080,4,Out of Stock
2384,L'Oreal Skincare Product,L'Oreal,Skincare,315,236.25,25,3.7,2049.0,,2025,2498,786870,1029,2,In Stock
2385,Mamaearth Makeup Product,Mamaearth,Makeup,987,690.9,30,4.1,2094.0,,2024,4343,4286541,2170,1,Out of Stock
2386,Mamaearth Haircare Product,Mamaearth,Haircare,685,548.0,20,4.1,1794.0,,2025,1333,913105,672,5,In Stock
2387,Minimalist Skincare Product,Minimalist,Skincare,680,578.0,15,3.6,1430.0,,2024,709,482120,559,2,In Stock
2388,Minimalist Makeup Product,Minimalist,Makeup,1482,1037.4,30,4.2,1718.0,,2025,2060,3052920,804,3,In Stock
2389,Lakme Haircare Product,Lakme,Haircare,491,441.9,10,3.9,1547.0,,2024,448,219968,313,2,In Stock
2390,Himalaya Makeup Product,Himalaya,Makeup,1016,812.8,20,4.3,1767.0,,2024,1783,1811528,832,2,In Stock
2391,Mamaearth Skincare Product,Mamaearth,Skincare,1491,1043.7,30,4.2,1681.0,,2025,2175,3242925,1447,3,In Stock
2392,Lakme Haircare Product,Lakme,Haircare,508,431.8,15,3.9,1991.0,,2024,2221,1128268,1132,6,In Stock
2393,Minimalist Haircare Product,Minimalist,Haircare,1479,1257.15,15,4.2,1761.0,,2025,124,183396,73,3,In Stock
2394,Minimalist Makeup Product,Minimalist,Makeup,510,459.0,10,3.8,1984.0,,2025,4747,2420970,3400,7,Out of Stock
2395,Dove Haircare Product,Dove,Haircare,698,558.4,20,3.8,1934.0,,2024,3521,2457658,2472,2,Out of Stock
2396,Nivea Haircare Product,Nivea,Haircare,1493,1269.05,15,4.3,1548.0,,2024,886,1322798,649,3,In Stock
2397,Nykaa Haircare Product,Nykaa,Haircare,989,890.1,10,3.9,1872.0,Dry,2024,549,542961,181,6,In Stock
2398,Nivea Skincare Product,Nivea,Skincare,1002,701.4,30,4.3,2284.0,,2025,187,187374,120,7,In Stock
2399,Lakme Haircare Product,Lakme,Haircare,994,795.2,20,3.5,1106.0,,2024,2147,2134118,794,1,In Stock
2400,Biotique Skincare Product,Biotique,Skincare,1003,752.25,25,3.9,1652.0,,2024,3746,3757238,1902,3,Out of Stock
2401,Mamaearth Skincare Product,Mamaearth,Skincare,982,687.4,30,3.8,1736.0,,2025,1935,1900170,1111,3,In Stock
2402,Maybelline Makeup Product,Maybelline,Makeup,301,270.9,10,3.5,1392.0,,2024,2807,844907,1407,2,In Stock
2403,Maybelline Haircare Product,Maybelline,Haircare,512,409.6,20,3.7,1787.0,,2024,3970,2032640,2222,7,Out of Stock
2404,Mamaearth Haircare Product,Mamaearth,Haircare,287,258.3,10,3.6,1243.0,,2024,1950,559650,1556,1,In Stock
2405,Mamaearth Haircare Product,Mamaearth,Haircare,982,785.6,20,3.8,1869.0,,2024,2660,2612120,977,4,In Stock
2406,L'Oreal Haircare Product,L'Oreal,Haircare,688,481.6,30,,2263.0,,2024,4036,2776768,2573,4,Out of Stock
2407,Biotique Skincare Product,Biotique,Skincare,697,522.75,25,3.7,,,2024,1499,1044803,746,5,In Stock
2408,Minimalist Haircare Product,Minimalist,Haircare,1007,704.9,30,4.1,1924.0,,2025,596,600172,218,3,In Stock
2409,Biotique Haircare Product,Biotique,Haircare,496,372.0,25,3.4,1800.0,,2024,4726,2344096,1792,3,Out of Stock
2410,Maybelline Haircare Product,Maybelline,Haircare,1516,1061.2,30,4.4,1761.0,,2024,2053,3112348,1590,1,In Stock
2411,L'Oreal Skincare Product,L'Oreal,Skincare,292,248.2,15,,2301.0,,2025,2146,626632,1587,6,In Stock
2412,Minimalist Makeup Product,Minimalist,Makeup,1505,1053.5,30,4.2,2246.0,,2024,753,1133265,567,4,In Stock
2413,Lakme Makeup Product,Lakme,Makeup,504,378.0,25,3.7,1586.0,,2025,2453,1236312,1952,5,In Stock
2414,Mamaearth Skincare Product,Mamaearth,Skincare,1498,1348.2,10,4.0,1532.0,,2025,1675,2509150,676,1,In Stock
2415,Minimalist Skincare Product,Minimalist,Skincare,1018,712.6,30,,1555.0,,2025,3381,3441858,1615,3,Out of Stock
2416,Nivea Skincare Product,Nivea,Skincare,694,555.2,20,3.9,1847.0,,2025,4783,3319402,3035,4,Out of Stock
2417,Dove Haircare Product,Dove,Haircare,1488,1116.0,25,4.1,,,2024,3028,4505664,1640,7,Out of Stock
2418,Minimalist Skincare Product,Minimalist,Skincare,1005,703.5,30,3.9,2034.0,,2024,4786,4809930,2437,5,Out of Stock
2419,Biotique Makeup Product,Biotique,Makeup,999,749.25,25,4.2,1590.0,,2025,2889,2886111,1383,2,In Stock
2420,Nykaa Haircare Product,Nykaa,Haircare,280,252.0,10,3.4,1794.0,Dry,2025,3434,961520,2049,4,Out of Stock
2421,Nykaa Skincare Product,Nykaa,Skincare,980,882.0,10,4.0,2052.0,Oily,2024,2709,2654820,1592,5,In Stock
2422,Minimalist Skincare Product,Minimalist,Skincare,306,214.2,30,3.3,,,2024,1911,584766,727,1,In Stock
2423,Nykaa Makeup Product,Nykaa,Makeup,1506,1204.8,20,4.4,1695.0,Combination,2024,2906,4376436,1557,2,In Stock
2424,Biotique Skincare Product,Biotique,Skincare,1017,711.9,30,4.2,1987.0,,2024,735,747495,423,5,In Stock
2425,Dove Makeup Product,Dove,Makeup,491,417.35,15,3.7,1864.0,,2024,4333,2127503,2535,5,Out of Stock
2426,Mamaearth Makeup Product,Mamaearth,Makeup,1017,813.6,20,4.2,1620.0,,2024,1669,1697373,676,3,In Stock
2427,Dove Haircare Product,Dove,Haircare,718,646.2,10,4.2,1878.0,,2025,4693,3369574,3149,6,Out of Stock
2428,Lakme Haircare Product,Lakme,Haircare,1479,1257.15,15,4.2,1986.0,,2024,1481,2190399,462,4,In Stock
2429,Maybelline Skincare Product,Maybelline,Skincare,687,549.6,20,4.1,1516.0,,2024,925,635475,441,3,In Stock
2430,L'Oreal Skincare Product,L'Oreal,Skincare,1507,1130.25,25,4.1,1791.0,,2025,4763,7177841,3286,7,Out of Stock
2431,Dove Haircare Product,Dove,Haircare,980,784.0,20,3.8,2012.0,,2024,2511,2460780,1461,2,In Stock
2432,Nykaa Haircare Product,Nykaa,Haircare,302,271.8,10,3.6,1675.0,Oily,2025,1415,427330,609,6,In Stock
2433,Biotique Skincare Product,Biotique,Skincare,981,833.85,15,4.1,1476.0,,2025,1293,1268433,837,5,In Stock
2434,Nivea Skincare Product,Nivea,Skincare,692,553.6,20,4.1,2032.0,,2024,212,146704,123,3,In Stock
2435,Dove Haircare Product,Dove,Haircare,281,252.9,10,3.6,1642.0,,2025,2024,568744,1412,6,In Stock
2436,Himalaya Makeup Product,Himalaya,Makeup,481,408.85,15,3.8,2292.0,,2025,3341,1607021,2230,7,Out of Stock
2437,Himalaya Haircare Product,Himalaya,Haircare,711,533.25,25,3.9,1472.0,,2025,319,226809,193,4,In Stock
2438,Maybelline Makeup Product,Maybelline,Makeup,500,350.0,30,3.7,1656.0,,2025,681,340500,370,7,In Stock
2439,Mamaearth Skincare Product,Mamaearth,Skincare,696,556.8,20,3.8,,,2024,955,664680,350,2,In Stock
2440,Nykaa Haircare Product,Nykaa,Haircare,500,400.0,20,,1249.0,Combination,2024,3521,1760500,1516,1,Out of Stock
2441,Nykaa Makeup Product,Nykaa,Makeup,1002,851.7,15,4.4,1683.0,Combination,2024,3303,3309606,1683,3,Out of Stock
2442,Himalaya Haircare Product,Himalaya,Haircare,495,445.5,10,3.7,1618.0,,2025,2064,1021680,1237,2,In Stock
2443,L'Oreal Skincare Product,L'Oreal,Skincare,711,497.7,30,3.5,,,2025,1691,1202301,941,1,In Stock
2444,Nivea Makeup Product,Nivea,Makeup,1487,1189.6,20,4.0,,,2025,254,377698,112,3,In Stock
2445,Dove Skincare Product,Dove,Skincare,289,245.65,15,3.5,1602.0,,2024,631,182359,191,2,In Stock
2446,Himalaya Makeup Product,Himalaya,Makeup,479,407.15,15,3.9,1639.0,,2025,890,426310,487,7,In Stock
2447,Lakme Skincare Product,Lakme,Skincare,979,783.2,20,3.7,1649.0,,2025,1769,1731851,783,2,In Stock
2448,L'Oreal Skincare Product,L'Oreal,Skincare,1014,912.6,10,3.9,1416.0,,2025,2693,2730702,1797,6,In Stock
2449,Maybelline Haircare Product,Maybelline,Haircare,688,550.4,20,3.8,1969.0,,2024,2347,1614736,732,7,In Stock
2450,Minimalist Haircare Product,Minimalist,Haircare,1511,1208.8,20,4.3,1234.0,,2024,924,1396164,547,3,In Stock
2451,L'Oreal Skincare Product,L'Oreal,Skincare,1015,812.0,20,3.9,2382.0,,2024,739,750085,569,2,In Stock
2452,Mamaearth Haircare Product,Mamaearth,Haircare,500,375.0,25,3.5,1477.0,,2024,4050,2025000,1568,5,Out of Stock
2453,Nykaa Makeup Product,Nykaa,Makeup,316,252.8,20,3.8,,Combination,2025,3191,1008356,1709,3,Out of Stock
2454,Mamaearth Skincare Product,Mamaearth,Skincare,283,240.55,15,3.7,1814.0,,2024,1472,416576,508,2,In Stock
2455,Mamaearth Skincare Product,Mamaearth,Skincare,1499,1349.1,10,4.0,1751.0,,2024,721,1080779,441,6,In Stock
2456,Lakme Skincare Product,Lakme,Skincare,286,257.4,10,3.8,,,2024,1221,349206,702,1,In Stock
2457,Minimalist Skincare Product,Minimalist,Skincare,1485,1188.0,20,4.1,1496.0,,2024,3776,5607360,1901,1,Out of Stock
2458,Mamaearth Haircare Product,Mamaearth,Haircare,485,412.25,15,3.8,2109.0,,2024,993,481605,556,5,In Stock
2459,Himalaya Skincare Product,Himalaya,Skincare,511,408.8,20,,1593.0,,2024,1499,765989,1121,3,In Stock
2460,Dove Skincare Product,Dove,Skincare,991,693.7,30,3.7,1616.0,,2024,3787,3752917,1507,6,Out of Stock
2461,Maybelline Skincare Product,Maybelline,Skincare,516,464.4,10,4.0,2140.0,,2025,2589,1335924,805,2,In Stock
2462,Maybelline Makeup Product,Maybelline,Makeup,704,633.6,10,3.8,1594.0,,2025,4009,2822336,2929,2,Out of Stock
2463,Minimalist Haircare Product,Minimalist,Haircare,715,643.5,10,4.1,,,2025,4310,3081650,2536,1,Out of Stock
2464,Himalaya Skincare Product,Himalaya,Skincare,301,210.7,30,3.4,1829.0,,2025,2411,725711,1796,6,In Stock
2465,Maybelline Skincare Product,Maybelline,Skincare,300,270.0,10,3.8,1748.0,,2024,3702,1110600,2215,7,Out of Stock
2466,Nivea Makeup Product,Nivea,Makeup,686,617.4,10,3.9,1472.0,,2025,3720,2551920,2622,5,Out of Stock
2467,Lakme Haircare Product,Lakme,Haircare,1518,1366.2,10,3.9,2080.0,,2025,1803,2736954,928,1,In Stock
2468,L'Oreal Skincare Product,L'Oreal,Skincare,1009,857.65,15,3.8,2372.0,,2024,2402,2423618,1621,1,In Stock
2469,L'Oreal Makeup Product,L'Oreal,Makeup,504,453.6,10,3.4,1853.0,,2025,1988,1001952,1503,5,In Stock
2470,Minimalist Makeup Product,Minimalist,Makeup,284,241.4,15,3.6,1507.0,,2024,420,119280,246,3,In Stock
2471,Dove Skincare Product,Dove,Skincare,286,214.5,25,3.7,1492.0,,2024,4998,1429428,1951,2,Out of Stock
2472,Himalaya Makeup Product,Himalaya,Makeup,290,203.0,30,3.6,1277.0,,2025,4529,1313410,1967,3,Out of Stock
2473,Maybelline Makeup Product,Maybelline,Makeup,982,687.4,30,4.2,2043.0,,2024,1981,1945342,791,6,In Stock
2474,Minimalist Skincare Product,Minimalist,Skincare,1508,1357.2,10,3.9,2037.0,,2025,474,714792,200,7,In Stock
2475,Maybelline Haircare Product,Maybelline,Haircare,1001,750.75,25,3.9,1316.0,,2025,4774,4778774,2163,4,Out of Stock
2476,Lakme Haircare Product,Lakme,Haircare,1007,755.25,25,4.1,2168.0,,2025,944,950608,545,4,In Stock
2477,Nivea Skincare Product,Nivea,Skincare,504,453.6,10,3.8,1876.0,,2025,647,326088,384,4,In Stock
2478,Nivea Skincare Product,Nivea,Skincare,684,615.6,10,3.9,2133.0,,2024,3112,2128608,1597,5,Out of Stock
2479,Mamaearth Haircare Product,Mamaearth,Haircare,680,544.0,20,3.8,1344.0,,2025,2386,1622480,1449,1,In Stock
2480,Minimalist Makeup Product,Minimalist,Makeup,982,834.7,15,3.9,2123.0,,2025,4738,4652716,1614,7,Out of Stock
2481,Minimalist Skincare Product,Minimalist,Skincare,688,584.8,15,4.0,1882.0,,2025,1737,1195056,597,3,In Stock
2482,Himalaya Makeup Product,Himalaya,Makeup,481,408.85,15,3.7,2311.0,,2025,622,299182,240,2,In Stock
2483,Dove Skincare Product,Dove,Skincare,697,522.75,25,4.0,1755.0,,2024,2140,1491580,1196,4,In Stock
2484,Nykaa Skincare Product,Nykaa,Skincare,716,537.0,25,3.9,1245.0,Dry,2025,3719,2662804,1513,3,Out of Stock
2485,Lakme Skincare Product,Lakme,Skincare,310,232.5,25,3.7,1771.0,,2024,4322,1339820,1908,4,Out of Stock
2486,L'Oreal Makeup Product,L'Oreal,Makeup,1494,1045.8,30,4.0,1700.0,,2024,4674,6982956,2337,7,Out of Stock
2487,Dove Skincare Product,Dove,Skincare,1501,1275.85,15,4.3,1840.0,,2025,1683,2526183,1188,4,In Stock
2488,Dove Skincare Product,Dove,Skincare,500,375.0,25,3.9,1294.0,,2025,1567,783500,480,2,In Stock
2489,Lakme Haircare Product,Lakme,Haircare,507,456.3,10,3.7,1845.0,,2024,4343,2201901,2713,6,Out of Stock
2490,Nivea Skincare Product,Nivea,Skincare,979,832.15,15,3.9,1896.0,,2025,2707,2650153,1717,6,In Stock
2491,Nykaa Makeup Product,Nykaa,Makeup,302,211.4,30,3.5,1799.0,Oily,2024,3698,1116796,2586,7,Out of Stock
2492,Biotique Skincare Product,Biotique,Skincare,1490,1341.0,10,4.3,1407.0,,2025,4998,7447020,3830,6,Out of Stock
2493,Nivea Makeup Product,Nivea,Makeup,485,363.75,25,3.7,1005.0,,2024,3638,1764430,1128,5,Out of Stock
2494,Mamaearth Makeup Product,Mamaearth,Makeup,486,413.1,15,3.6,,,2024,1587,771282,598,1,In Stock
2495,Nykaa Haircare Product,Nykaa,Haircare,998,898.2,10,3.8,1860.0,Combination,2024,3187,3180626,2368,5,Out of Stock
2496,Biotique Skincare Product,Biotique,Skincare,318,254.4,20,3.6,1554.0,,2024,147,46746,77,3,In Stock
2497,L'Oreal Makeup Product,L'Oreal,Makeup,1482,1333.8,10,4.4,2323.0,,2024,3265,4838730,1901,5,Out of Stock
2498,Minimalist Haircare Product,Minimalist,Haircare,493,419.05,15,3.5,1636.0,,2024,4580,2257940,2892,3,Out of Stock
2499,Dove Skincare Product,Dove,Skincare,279,209.25,25,3.7,1965.0,,2024,4782,1334178,3058,3,Out of Stock
2500,Lakme Skincare Product,Lakme,Skincare,304,243.2,20,3.7,1879.0,,2025,3800,1155200,2910,1,Out of Stock
